/*
SQLyog Community v8.32 
MySQL - 5.1.45-community : Database - chits
*********************************************************************
*/

/*!40101 SET NAMES utf8 */;

/*!40101 SET SQL_MODE=''*/;

/*!40014 SET @OLD_UNIQUE_CHECKS=@@UNIQUE_CHECKS, UNIQUE_CHECKS=0 */;
/*!40101 SET @OLD_SQL_MODE=@@SQL_MODE, SQL_MODE='NO_AUTO_VALUE_ON_ZERO' */;
/*!40111 SET @OLD_SQL_NOTES=@@SQL_NOTES, SQL_NOTES=0 */;
CREATE DATABASE /*!32312 IF NOT EXISTS*/`chits` /*!40100 DEFAULT CHARACTER SET latin1 */;

USE `chits`;

/*Table structure for table `at_kt` */

DROP TABLE IF EXISTS `at_kt`;

CREATE TABLE `at_kt` (
  `Record_ID` int(11) NOT NULL AUTO_INCREMENT,
  `ATKT_No` varchar(10) DEFAULT NULL,
  `Party_Name` varchar(50) DEFAULT NULL,
  `ATKT_Date` datetime DEFAULT NULL,
  `Tran_Type` varchar(20) DEFAULT NULL,
  `Amount` float DEFAULT NULL,
  `Remarks` varchar(255) DEFAULT NULL,
  `Closed` char(1) DEFAULT NULL,
  `Closed_Date` datetime DEFAULT NULL,
  PRIMARY KEY (`Record_ID`)
) ENGINE=InnoDB AUTO_INCREMENT=92 DEFAULT CHARSET=latin1;

/*Data for the table `at_kt` */

insert  into `at_kt`(`Record_ID`,`ATKT_No`,`Party_Name`,`ATKT_Date`,`Tran_Type`,`Amount`,`Remarks`,`Closed`,`Closed_Date`) values (6,'AK006','p.f.c','2010-03-31 00:00:00','Receipt',406239,'31/3/2010','y','2010-04-26 00:00:00'),(7,'AK007','Subbarao','2010-03-31 00:00:00','Payment',500,'h.l.+','n','0001-01-01 00:00:00'),(8,'AK008','Indiramma','2010-04-01 00:00:00','Receipt',800,'FD  silk','n','0001-01-01 00:00:00'),(11,'AK010','V.S.S.R','2010-04-02 00:00:00','Receipt',1700,'Cash','y','2010-04-07 00:00:00'),(12,'AK011','CKP Manju/ cmy','2010-04-03 00:00:00','Payment',2200,'Currency','y','2010-04-07 00:00:00'),(13,'AK012','M.N.Narasimhareddy','2010-04-06 00:00:00','Payment',92040,'chit','y','2010-04-26 00:00:00'),(14,'AK013','B.S.Subramanyam','2010-04-07 00:00:00','Receipt',79000,'H.L. silk','y','2010-04-26 00:00:00'),(15,'AK014','M.G.Venkataravana','2010-04-07 00:00:00','Receipt',500,'1500 babtu','y','2010-04-26 00:00:00'),(16,'AK015','Sunil','2010-04-07 00:00:00','Receipt',9427,'q','y','2010-04-08 00:00:00'),(17,'AK016','Dhobhi  nagamma','2010-04-01 00:00:00','Payment',2000,'FD  silk','y','2010-04-07 00:00:00'),(19,'AK018','Ayya (venktamma)','2010-04-07 00:00:00','Receipt',200,'R.D','y','2010-04-24 00:00:00'),(20,'AK019','Sunil','2010-04-07 00:00:00','Receipt',8415,'q','y','2010-04-08 00:00:00'),(21,'AK020','Sunil','2010-04-07 00:00:00','Receipt',117591,'office','y','2010-04-08 00:00:00'),(22,'AK021','Sunil','2010-04-07 00:00:00','Payment',189000,'office','y','2010-04-10 00:00:00'),(23,'AK022','Sreenivasa','2010-04-07 00:00:00','Payment',314200,'chit','y','2010-04-26 00:00:00'),(24,'AK023','Ganesh','2010-04-07 00:00:00','Receipt',6000,'chit','n','0001-01-01 00:00:00'),(25,'AK024','V.S.S.R','2010-04-20 00:00:00','Payment',270000,'Cash','y','2010-04-27 00:00:00'),(26,'AK025','A.Vijaya kumar(Bp)','2010-04-22 00:00:00','Receipt',33380,'chit','y','2010-04-30 00:00:00'),(27,'AK026','Muqbal(Diffrence)','2010-04-22 00:00:00','Payment',2000,'dayslip','y','2010-04-15 00:00:00'),(28,'AK027','Zaheer','2010-04-22 00:00:00','Payment',88115,'chit','y','2010-04-26 00:00:00'),(29,'AK028','M.B.Ravishankar','2010-04-24 00:00:00','Receipt',1575,'Rent','y','2010-04-26 00:00:00'),(30,'AK029','V.S.S.R','2010-04-25 00:00:00','Payment',109578,'q','y','2010-04-26 00:00:00'),(31,'AK030','V.S.S.R','2010-04-25 00:00:00','Payment',477130,'Cash','y','2010-04-26 00:00:00'),(32,'AK031','T.Narasimhappa','2010-04-08 00:00:00','Receipt',70000,'chit','y','2010-04-12 00:00:00'),(33,'AK032','B.V.Nagaraj','2010-04-08 00:00:00','Payment',22025,'chit','y','2010-04-26 00:00:00'),(34,'AK033','V.S.S.R','2010-04-10 00:00:00','Payment',200000,'Cash','y','2010-04-18 00:00:00'),(35,'AK034','E.S.sreeramaiah','2010-04-14 00:00:00','Receipt',30000,'A.P.S','y','2010-04-18 00:00:00'),(36,'AK035','V.S.S.R','2010-04-17 00:00:00','Receipt',180000,'Cash','y','2010-04-18 00:00:00'),(37,'AK036','V.S.S.R','2010-04-17 00:00:00','Receipt',93117,'slip','y','2010-04-18 00:00:00'),(38,'AK037','V.S.S.R','2010-04-17 00:00:00','Receipt',45950,'Cash','y','2010-04-18 00:00:00'),(39,'AK038','Ganesh','2010-04-18 00:00:00','Receipt',6240,'chit','y','2010-04-30 00:00:00'),(40,'AK039','Ganesh','2010-04-18 00:00:00','Payment',6000,'chit','y','2010-04-30 00:00:00'),(41,'AK040','A.Vijaya kumar(Bp)','2010-04-18 00:00:00','Payment',40000,'old','y','2010-04-26 00:00:00'),(42,'AK041','A.Vijaya kumar(Bp)','2010-04-18 00:00:00','Receipt',5000,'March','n','0001-01-01 00:00:00'),(43,'AK042','D.L.S(ylk)','2010-04-18 00:00:00','Receipt',290000,'Collection amt','y','2010-04-18 00:00:00'),(44,'AK043','E.S.sreeramaiah','2010-04-18 00:00:00','Payment',100,'short','n','0001-01-01 00:00:00'),(45,'AK044','K.k.l(moula)','2010-04-18 00:00:00','Payment',5000,'Chq','y','2010-04-26 00:00:00'),(46,'AK045','Ragavendra.j','2010-04-18 00:00:00','Receipt',185000,'chit','y','2010-04-19 00:00:00'),(47,'AK046','V.S.S.R','2010-04-19 00:00:00','Receipt',5400,'Cash','y','2010-04-26 00:00:00'),(48,'AK047','Usha(R.D)','2010-04-26 00:00:00','Payment',1500,'29/1, 27/2, 20/3,','y','2010-05-06 00:00:00'),(49,'AK048','vssr(R.D)','2010-04-26 00:00:00','Payment',400,'feb/mrch','y','2010-05-06 00:00:00'),(50,'AK049','M.G.Venkataravana','2010-04-26 00:00:00','Payment',1000,'1500 babtu','y','2010-04-30 00:00:00'),(51,'AK050','Diffrence','2010-04-26 00:00:00','Receipt',1774,'31/3/2010','y','2010-05-06 00:00:00'),(52,'AK051','V.S.H','2010-04-26 00:00:00','Payment',1480,'due','y','2010-04-27 00:00:00'),(53,'AK052','Usha(lic)','2010-04-26 00:00:00','Payment',40000,'31/3','n','0001-01-01 00:00:00'),(54,'AK053','N.N.Murty','2010-04-26 00:00:00','Receipt',1500,'chit','y','2010-04-27 00:00:00'),(55,'AK054','Venkataravanappa (J . E )','2010-05-05 00:00:00','Receipt',300000,'chit','y','2010-05-07 00:00:00'),(56,'AK055','A.Vijaya kumar(Bp)','2010-04-27 00:00:00','Receipt',200000,'P.Sudakareddy','y','2010-05-05 00:00:00'),(57,'AK056','vssr(R.D)','2010-04-27 00:00:00','Payment',200,'office','y','2010-05-06 00:00:00'),(58,'AK057','Usha(R.D)','2010-04-27 00:00:00','Payment',500,'office','y','2010-05-06 00:00:00'),(59,'AK058','K.k.l(chit)','2010-04-27 00:00:00','Payment',2000,'chit','n','0001-01-01 00:00:00'),(60,'AK059','Diffrence','2010-04-27 00:00:00','Payment',700,'office','n','0001-01-01 00:00:00'),(62,'AK061','V.S.S.R','2010-04-29 00:00:00','Payment',80000,'chit','n','0001-01-01 00:00:00'),(63,'AK062','kapali babu','2010-04-30 00:00:00','Payment',50000,'Due','y','2010-05-06 00:00:00'),(65,'AK064','V.S.S.R','2010-04-30 00:00:00','Receipt',88500,'Cash','y','2010-04-30 00:00:00'),(66,'AK065','V.S.S.R','2010-04-30 00:00:00','Payment',19400,'Cash','y','2010-04-30 00:00:00'),(67,'AK066','V.S.S.R','2010-04-30 00:00:00','Payment',132493,'Cash','y','2010-04-30 00:00:00'),(68,'AK067','kapali babu','2010-04-30 00:00:00','Receipt',30,'etc','n','0001-01-01 00:00:00'),(70,'AK068','M.G.Venkataravana','2010-04-30 00:00:00','Payment',500,'school fees','n','0001-01-01 00:00:00'),(71,'AK069','Sunil','2010-04-30 00:00:00','Payment',500,'c','y','2010-05-01 00:00:00'),(72,'AK070','V.S.S.R','2010-05-01 00:00:00','Payment',4350,'slip','y','2010-05-05 00:00:00'),(73,'AK071','V.S.S.R','2010-05-01 00:00:00','Payment',189920,'P.Sudakareddy','y','2010-05-05 00:00:00'),(74,'AK072','V.S.S.R','2010-05-01 00:00:00','Receipt',30000,'Cash','y','2010-05-05 00:00:00'),(75,'AK073','Ayya (venktamma)','2010-05-01 00:00:00','Receipt',200,'R.D','n','0001-01-01 00:00:00'),(76,'AK074','P.Ismail','2010-04-29 00:00:00','Receipt',40000,'chit','y','2010-05-03 00:00:00'),(77,'AK075','CKP Manju/ cmy','2010-05-05 00:00:00','Payment',300,'sumo','y','2010-05-06 00:00:00'),(78,'AK076','Sunil','2010-05-06 00:00:00','Payment',65943,'q','y','2010-05-06 00:00:00'),(79,'AK077','Sunil','2010-05-06 00:00:00','Payment',30250,'election','y','2010-05-06 00:00:00'),(80,'AK078','Sunil','2010-05-06 00:00:00','Payment',24500,'safe','y','2010-05-06 00:00:00'),(81,'AK079','D.L.S(ylk)','2010-04-30 00:00:00','Payment',30000,'Collection amt','y','2010-05-09 00:00:00'),(82,'AK080','p.ushasunil','2010-05-06 00:00:00','Receipt',3000,'exeses int','n','0001-01-01 00:00:00'),(83,'AK081','p.s.Nihar','2010-05-06 00:00:00','Receipt',600,'exeses int','n','0001-01-01 00:00:00'),(84,'AK082','V.S.S.R','2010-05-07 00:00:00','Payment',1000,'Cash','y','2010-05-07 00:00:00'),(85,'AK083','B.A.J','2010-05-07 00:00:00','Receipt',85000,'Cash','y','2010-05-09 00:00:00'),(86,'AK084','A,C.S','2010-05-07 00:00:00','Receipt',50000,'Cash','y','2010-05-09 00:00:00'),(87,'AK085','A.P.Ashok','2010-05-07 00:00:00','Receipt',50000,'Cash','y','2010-05-09 00:00:00'),(88,'AK086','V.S.S.R','2010-05-07 00:00:00','Payment',47800,'Cash','y','2010-05-07 00:00:00'),(89,'AK087','V.S.S.R','2010-05-07 00:00:00','Payment',7960,'Cash','y','2010-05-07 00:00:00'),(90,'AK088','Sunil','2010-05-08 00:00:00','Payment',112550,'Cash','y','2010-05-09 00:00:00'),(91,'AK089','kapali babu','2010-05-10 00:00:00','Receipt',90000,'by  vssr','n','0001-01-01 00:00:00');

/*Table structure for table `cities` */

DROP TABLE IF EXISTS `cities`;

CREATE TABLE `cities` (
  `City_ID` int(11) NOT NULL AUTO_INCREMENT,
  `Village_Name` varchar(50) DEFAULT NULL,
  `City_Name` varchar(50) DEFAULT NULL,
  `State` varchar(50) DEFAULT NULL,
  `Pincode` varchar(10) DEFAULT NULL,
  PRIMARY KEY (`City_ID`)
) ENGINE=InnoDB AUTO_INCREMENT=13 DEFAULT CHARSET=latin1;

/*Data for the table `cities` */

insert  into `cities`(`City_ID`,`Village_Name`,`City_Name`,`State`,`Pincode`) values (1,'CHELUR','chlur','Karnataka','563124'),(2,'MUGIREDDYPALLI','venkatapur post','Karnataka','563124'),(3,'BANGLORE','banglore','Karnataka','560000'),(4,'pullagal','pullagal post ,bagepalli tq','Karnataka','563124'),(5,'p.t.m (at&post)','PTM .mandal, Chittur dist','Andra Pradesh','00000'),(6,'Bagepalli','Bagepalli tq','Karnataka','00000'),(7,'Yalahanka','Banglore','Karnataka','00000'),(8,'Kandukur','PTM .mandal, Chittur dist','Andra Pradesh','00000'),(9,'Chinthamani','Chinthamani tq ,Kolar dist','Karnataka','0000'),(10,'Ananthapur town','ananthapur dist','Andra Pradesh','0000'),(11,'Rascheruvu @&post','Bagepalli tq','Karnataka','563124'),(12,'Maddireddipally','Chakvelu @ & Post','Karnataka','563124');

/*Table structure for table `customers` */

DROP TABLE IF EXISTS `customers`;

CREATE TABLE `customers` (
  `Customer_id` int(11) NOT NULL AUTO_INCREMENT,
  `Customer_name` varchar(50) DEFAULT NULL,
  `Son_husband` varchar(50) DEFAULT NULL,
  `Account_no` varchar(10) DEFAULT NULL,
  `Res_address` varchar(50) DEFAULT NULL,
  `Res_village` int(11) DEFAULT NULL,
  `Res_phone` varchar(20) DEFAULT NULL,
  PRIMARY KEY (`Customer_id`)
) ENGINE=InnoDB AUTO_INCREMENT=71 DEFAULT CHARSET=latin1;

/*Data for the table `customers` */

insert  into `customers`(`Customer_id`,`Customer_name`,`Son_husband`,`Account_no`,`Res_address`,`Res_village`,`Res_phone`) values (1,'v.s.sathyanarayanarao','v.s.sheshagirirao','1','mugyreddipalli',2,'9480238041'),(2,'p.c.swathy','Ravikiran','2','k.r.puram',3,'9448536062'),(3,'P.Sunilkumar','P.R.Chalam','3','chelur',1,'08150280051'),(4,'LORD venkateshwara','c/o P.R.Chalam','4','Chelur',1,'280051'),(5,'Bramhana sanga','CHELUR','5','Chelur',1,'280294'),(6,'Kodandaramaswami temple','Chelur','6','Chelur',1,'0000'),(7,'S.B.Veena','S.P.Balaramaiah','7','Chelur',1,'000'),(8,'S.B.Sudharani','S.P.Balaramaiah','8','Chelur',1,'0000'),(9,'S.B.Padmaja','S.P.Balaramaiah','9','Chelur',1,'0000'),(10,'Gaddam Family','c/o P.R.Chalam','11','p.t.m',5,'0000'),(11,'Nagasaroja','B.L.V.Prasad','12','Anantapur',10,'0000'),(12,'J.Sreedar(kand)','000','13','Kandukur',8,'0000'),(13,'Nagamma','Istri venkataravana','14','Chelur',1,'000'),(14,'Anjanamma','Dobhi Ananda','15','Chelur',1,'000'),(15,'Narasamma','late Sangappa','16','pnp chelur',1,'000'),(16,'Subadramma','Late meda rathanamaiah','10','Chelur',1,'0000'),(17,'ARYA VYSYA MAHILA MANDALI','Vysya','17','Chelur',1,'0000'),(18,'Indiramma','s/o p.r.chalam','18','Bangalore',3,'0000'),(19,'P.R.Chalam','Pola ramaiah shetty','19','Chelur',1,'280051'),(20,'P.C.Prabha','p.r.Chalam','20','Chelur',1,'280051'),(21,'Subbarayappa','Yalagalapalli Narasimhappa','21','Buradagunta',1,'000'),(22,'P.Sunil kumar','p.r.Chalam','22','Chelur',1,'280051'),(23,'P.Usha sunil','p.sunil kumar','23','Chelur',1,'280051'),(24,'P.S.Nihar','p.sunil kumar','24','Chelur',1,'280051'),(25,'Nagaraj (krp)','c/o Ravikiran','25','k.r.puram',3,'000'),(26,'Ramalakshamma','V.S.Sheshagiri rao','26','mugireddipalli',2,'280156'),(27,'B.S.Banuprakash','Subbishetty','27','Chelur',1,'000'),(28,'Thapilamma(mg th)','c/o kunda yamanna','28','Chelur',1,'0000'),(29,'P.R.Subbannaswamy','c/oShobha','29','Chelur',1,'280094'),(30,'Ravikiran(prc)','Sathyanarayanaiah','30','k.r.puram',3,'0000'),(31,'Dr..Byreddy','father','31','Malleswaram',3,'000'),(32,'Dr..Rajareddy','father','32','Bangalore',3,'000'),(33,'Harish','father','33','Bangalore',3,'000'),(34,'A.Vijayakumar','Jayaramagupta','34','pathapalya',6,'000'),(35,'M.V.Reddappashetty','father','35','Girinagar',3,'000'),(36,'Venkatamma(aaya)','Husband','36','pnp chelur',1,'000'),(37,'L.Kiran','D.Lakshminarayana shetty','37','yalahanka',7,'000'),(38,'B.A.Radha','B.AswathiahShetty','38','Pullagal',4,'000'),(39,'V.S.Hanumesh','V.S.Sheshagiri rao','39','mugireddipalli',2,'000'),(40,'D.Amaranath','D.Rathnaiah shetty','40','yalahanka',7,'0000'),(41,'H.SathyanarayanaSharma','father','41','Rascheruvu',11,'000'),(42,'G.Chandra shekar(ptm)','father','42','p.t.m',3,'000'),(43,'K.G.Venkataravana','father','43','Chelur',1,'0000'),(44,'Vanishree(iyer)','G.N.Ravishankar','44','Bangalore',3,'0000'),(45,'M.P.Manojkumar','father','45','Girinagar',3,'0000'),(46,'S.Sudarshan sharma','SathyanarayanaSharma','46','Bangalore',3,'0000'),(47,'Kavitha(iyer)','Venkatesh iyer','47','Bangalore',3,'000'),(48,'Venkataravanappa(j.e)','father','48','Bagepalli',6,'0000'),(49,'N.G.Chandrashekar','N.S.Guruprasad','49','Bangalore',3,'0000'),(50,'Kapali babu','Reddapashetty','50','Girinagar',3,'0000'),(51,'Subbarao','G.SundaraKrishna','51','Venkatapur',1,'0000'),(52,'Babji(bagepalli)','Appiswamy','52','Bagepalli',6,'0000'),(53,'D.Lakshminarayana shetty','father','53','yalahanka',3,'0000'),(54,'Babureddy(bagepalli)','father','54','Bagepalli',6,'0000'),(55,'Dr.Ramesh','father','55','Bagepalli',6,'0000'),(56,'Sreenivasa(blr)','father','56','Bangalore',3,'0000'),(57,'B.S.Nagaraj','V.Sathyanarayana rao','57','Chelur',1,'0000'),(58,'A.V.Sreenath','A.R.Vishwanath(late)','58','k.r.puram',3,'0000'),(59,'K.Sathyanarayanashetty','father','59','Chinthamani',9,'000'),(60,'S.P.Balaramaiah','Padmanabaiah','60','Chelur',1,'0000'),(61,'D.V.Prasad','D.Venkateshiah','61','Chelur',1,'0000'),(62,'A.R.Pandurangaiah','A.Rathnam shetty','62','Bangalore',3,'000'),(63,'T.P.Chethan','T.N.Pandurangaiah','10','chelur',1,'08150'),(64,'P.Sudakarreddy(mdp)','Reddy','10','Maddireddipalli',12,'08150'),(65,'Ramachandrappa(ylk)','Father','10','yalahanka',3,'080'),(66,'B.A.Jaganath','B.Aswathiah','10','Chelur',1,'0000'),(67,'Vasavi  Temple  trust','N.A','10','Chelur',1,'000'),(68,'Sathyanarayana  oil  mill','Partners','10','K.R.Puram',3,'000'),(69,'Nirmala iyer','Subramanya iyer','10','Hosakote',3,'0000'),(70,'J.Ragavendra','Jagannath','10','Adarsha , chelur',1,'0000');

/*Table structure for table `fixeddeposit` */

DROP TABLE IF EXISTS `fixeddeposit`;

CREATE TABLE `fixeddeposit` (
  `FD_No` varchar(10) NOT NULL DEFAULT '',
  `Customer_ID` int(11) DEFAULT NULL,
  `Start_Date` datetime DEFAULT NULL,
  `Nominee_Name` varchar(100) DEFAULT NULL,
  `Relationship` varchar(100) DEFAULT NULL,
  `Amount` float DEFAULT NULL,
  `Rate` float DEFAULT NULL,
  `Closed` char(1) DEFAULT NULL,
  PRIMARY KEY (`FD_No`)
) ENGINE=InnoDB DEFAULT CHARSET=latin1;

/*Data for the table `fixeddeposit` */

insert  into `fixeddeposit`(`FD_No`,`Customer_ID`,`Start_Date`,`Nominee_Name`,`Relationship`,`Amount`,`Rate`,`Closed`) values ('FD001',4,'2009-08-01 00:00:00','p.r.chalam','bakta',150000,18,'n'),('FD002',5,'2007-06-24 00:00:00','President','president',30000,10,'n'),('FD003',6,'2009-12-31 00:00:00','Vysyas','genral',5390,10,'n'),('FD004',7,'2008-04-01 00:00:00','s.p,B','father',45000,10,'n'),('FD005',8,'2008-04-01 00:00:00','s.p,B','father',45000,10,'n'),('FD006',9,'2008-04-01 00:00:00','s.p,B','father',45000,10,'n'),('FD007',10,'2009-03-31 00:00:00','P.c.prabha','doughter',35500,10,'n'),('FD008',11,'2008-06-20 00:00:00','B,L.V.Prasad','Husband',15500,10,'n'),('FD009',12,'2009-05-30 00:00:00','wife','wife',100000,10,'n'),('FD010',12,'2009-05-30 00:00:00','wife','wife',120000,12,'n'),('FD011',13,'2009-09-05 00:00:00','istri venkataravana','Husband',6000,10,'n'),('FD012',14,'2005-10-05 00:00:00','Dhobi Ananda','Husband',5000,10,'n'),('FD013',15,'2009-11-10 00:00:00','son','son',15000,10,'n'),('FD014',16,'2007-02-23 00:00:00','Bramhanasanga','santharpana',5000,10,'n'),('FD015',17,'2007-01-01 00:00:00','Vysyas','vysyas',20000,10,'n'),('FD016',18,'2009-03-31 00:00:00','Manoj','son',90000,10,'n'),('FD017',19,'2009-12-31 00:00:00','P.c.prabha','wife',2.3e+006,18,'n'),('FD018',20,'2009-12-31 00:00:00','p.r.chalam','Husband',900000,18,'n'),('FD019',21,'2009-05-27 00:00:00','wife','wife',21000,10,'n'),('FD020',22,'2009-09-30 00:00:00','p.ushasunil','Husband',700000,18,'n'),('FD021',23,'2009-12-31 00:00:00','p.sunil kumar','Husband',100000,18,'n'),('FD022',24,'2009-12-31 00:00:00','p.ushasunil','mother',20000,18,'n'),('FD023',25,'2009-05-13 00:00:00','wife','wife',11500,10,'n'),('FD024',26,'2009-12-01 00:00:00','V.S.Raghavendran','son',320000,10,'n'),('FD025',2,'2009-12-01 00:00:00','Ravikiran','Husband',225000,18,'n'),('FD026',2,'2009-09-25 00:00:00','Sathyanarayanaiah','Father in law',375000,18,'n'),('FD027',27,'2009-12-01 00:00:00','wife','wife',175000,12,'n'),('FD028',28,'2009-07-20 00:00:00','Peddabalaji &Chinnabalaji','son',8500,10,'n'),('FD029',29,'2009-12-15 00:00:00','Shobha','doughter',450000,10,'n'),('FD030',30,'2009-11-22 00:00:00','p.c.swathy','wife',22190,0,'n'),('FD031',31,'2009-08-01 00:00:00','wife','wife',237500,10,'n'),('FD032',19,'2009-03-31 00:00:00','P.c.prabha','wife',360000,12,'n'),('FD033',58,'2009-03-31 00:00:00','wife','wife',360000,12,'n'),('FD034',3,'2009-03-31 00:00:00','p.ushasunil','wife',180000,12,'n'),('FD035',59,'2009-03-31 00:00:00','son','son',180000,12,'n'),('FD036',60,'2009-03-31 00:00:00','S.B.Jayapradamma','wife',234000,12,'n'),('FD037',61,'2009-03-31 00:00:00','Krishnaveni','wife',180000,12,'n'),('FD038',34,'2009-03-31 00:00:00','wife','wife',126000,12,'n'),('FD039',62,'2009-10-05 00:00:00','wife','wife',500000,12,'n'),('FD040',19,'2009-12-31 00:00:00','P.c.prabha','wife',2.5e+006,18,'n'),('FD041',29,'2010-01-21 00:00:00','shobha','doughter',110000,10,'n'),('FD042',30,'2010-01-29 00:00:00','p.c.swathy','wife',17810,0,'n'),('FD043',6,'2010-03-31 00:00:00','p.r.chalam','baktha',6550,18,'n'),('FD044',5,'2010-03-31 00:00:00','president','pre',40000,10,'n'),('FD045',4,'2010-03-31 00:00:00','p.r.chalam','baktha',5400,18,'n'),('FD046',2,'2010-03-31 00:00:00','ravikiran','h',400000,18,'n'),('FD047',29,'2010-03-15 00:00:00','p.r.shobha','d',600000,10,'n'),('FD048',66,'2009-11-23 00:00:00','wife','w',500000,12,'n'),('FD049',67,'2010-03-31 00:00:00','president','pre',300000,10,'n'),('FD050',62,'2010-01-10 00:00:00','wife','w',300000,12,'n'),('FD051',18,'2010-04-01 00:00:00','m.p.manoj','son',100000,12,'n'),('FD052',13,'2010-04-01 00:00:00','venkataravana','h',10000,10,'n'),('FD053',31,'2010-04-18 00:00:00','wife','w',250000,10,'n'),('FD054',70,'2010-04-19 00:00:00','wife','w',200000,10,'n'),('FD055',19,'2010-03-31 00:00:00','p.c.prabha','w',2.5e+006,18,'n'),('FD056',1,'2010-03-31 00:00:00','S.Umadevi','w',65000,12,'n'),('FD057',19,'2010-03-31 00:00:00','p.c.prabha','w',130000,12,'n'),('FD058',3,'2010-03-31 00:00:00','p.usha sunil','w',65000,12,'n'),('FD059',58,'2010-03-31 00:00:00','wife','w',130000,12,'n'),('FD060',34,'2010-03-31 00:00:00','wife','w',45500,12,'n'),('FD061',59,'2010-03-31 00:00:00','sons','son',65000,12,'n'),('FD062',60,'2010-03-31 00:00:00','S.B.Jayapradamma','w',84500,12,'n'),('FD063',61,'2010-03-31 00:00:00','wife','w',65000,12,'n'),('FD064',58,'2010-05-01 00:00:00','wife','w',500000,12,'n');

/*Table structure for table `fixedinterest` */

DROP TABLE IF EXISTS `fixedinterest`;

CREATE TABLE `fixedinterest` (
  `Record_ID` int(11) NOT NULL AUTO_INCREMENT,
  `FD_No` varchar(10) DEFAULT NULL,
  `Paid_Date` datetime DEFAULT NULL,
  `Interest_Amount` float DEFAULT NULL,
  `Voucher_No` varchar(10) DEFAULT NULL,
  `Interest_Upto` datetime DEFAULT NULL,
  PRIMARY KEY (`Record_ID`)
) ENGINE=InnoDB AUTO_INCREMENT=56 DEFAULT CHARSET=latin1;

/*Data for the table `fixedinterest` */

insert  into `fixedinterest`(`Record_ID`,`FD_No`,`Paid_Date`,`Interest_Amount`,`Voucher_No`,`Interest_Upto`) values (1,'FD003','2010-01-31 00:00:00',127,'001','2010-01-31 00:00:00'),(2,'FD029','2010-01-11 00:00:00',3750,'1','2010-01-15 00:00:00'),(3,'FD035','2010-01-14 00:00:00',1800,'1','2009-12-31 00:00:00'),(4,'FD024','2010-01-18 00:00:00',2665,'1','2010-01-01 00:00:00'),(5,'FD036','2010-01-28 00:00:00',2340,'1','2010-01-30 00:00:00'),(6,'FD026','2010-01-29 00:00:00',17810,'1','2009-12-31 00:00:00'),(7,'FD028','2010-02-10 00:00:00',460,'1','2010-02-10 00:00:00'),(8,'FD029','2010-02-15 00:00:00',3750,'1','2010-02-15 00:00:00'),(9,'FD041','2010-02-15 00:00:00',740,'2','2010-02-15 00:00:00'),(10,'FD009','2010-02-19 00:00:00',8333,'1','2010-03-31 00:00:00'),(12,'FD010','2010-02-19 00:00:00',12000,'1','2010-03-31 00:00:00'),(13,'FD036','2010-02-25 00:00:00',2340,'2','2010-02-28 00:00:00'),(14,'FD027','2010-02-27 00:00:00',4500,'1','2010-02-27 00:00:00'),(15,'FD002','2010-03-31 00:00:00',8310,'03','2010-03-31 00:00:00'),(16,'FD017','2010-03-31 00:00:00',103500,'05','2010-03-31 00:00:00'),(17,'FD018','2010-03-31 00:00:00',40500,'06','2010-03-31 00:00:00'),(18,'FD021','2010-03-31 00:00:00',4500,'07','2010-03-31 00:00:00'),(19,'FD022','2010-03-31 00:00:00',900,'08','2010-03-31 00:00:00'),(20,'FD024','2010-03-13 00:00:00',2665,'09','2010-02-01 00:00:00'),(21,'FD024','2010-03-14 00:00:00',2665,'10','2010-03-01 00:00:00'),(22,'FD025','2010-03-14 00:00:00',12000,'11','2010-03-31 00:00:00'),(23,'FD026','2010-03-31 00:00:00',16875,'12','2010-03-31 00:00:00'),(24,'FD029','2010-03-15 00:00:00',3750,'14','2010-03-15 00:00:00'),(25,'FD041','2010-03-15 00:00:00',1015,'16','2010-03-15 00:00:00'),(26,'FD032','2009-06-30 00:00:00',10800,'001','2009-06-30 00:00:00'),(27,'FD032','2009-09-30 00:00:00',10800,'002','2009-09-30 00:00:00'),(28,'FD032','2009-12-31 00:00:00',10800,'003','2009-12-31 00:00:00'),(29,'FD032','2010-03-31 00:00:00',10800,'004','2010-03-31 00:00:00'),(30,'FD033','2009-12-23 00:00:00',28800,'005','2009-12-31 00:00:00'),(31,'FD033','2010-03-05 00:00:00',3600,'006','2010-02-28 00:00:00'),(32,'FD034','2010-03-31 00:00:00',21600,'007','2010-03-31 00:00:00'),(33,'FD035','2010-03-31 00:00:00',9000,'008','2009-12-31 00:00:00'),(34,'FD035','2010-03-31 00:00:00',5400,'009','2009-12-31 00:00:00'),(35,'FD036','2010-03-31 00:00:00',23400,'010','2010-03-31 00:00:00'),(36,'FD037','2010-03-31 00:00:00',21600,'011','2010-03-31 00:00:00'),(37,'FD038','2010-03-31 00:00:00',15120,'012','2010-03-31 00:00:00'),(38,'FD048','2010-03-29 00:00:00',21170,'013','2010-03-31 00:00:00'),(39,'FD011','2010-04-01 00:00:00',2000,'014','2010-04-01 00:00:00'),(40,'FD016','2010-04-01 00:00:00',10800,'034','2010-04-01 00:00:00'),(41,'FD039','2010-04-07 00:00:00',29150,'015','2010-03-31 00:00:00'),(42,'FD050','2010-04-07 00:00:00',8000,'016','2010-03-31 00:00:00'),(43,'FD047','2010-04-14 00:00:00',5000,'035','2010-04-15 00:00:00'),(44,'FD046','2010-04-16 00:00:00',6000,'036','2010-04-30 00:00:00'),(45,'FD031','2010-04-18 00:00:00',16000,'017','2010-04-18 00:00:00'),(46,'FD036','2010-04-24 00:00:00',2340,'037','2010-04-30 00:00:00'),(47,'FD035','2010-05-05 00:00:00',5400,'038','2010-03-31 00:00:00'),(48,'FD035','2010-05-05 00:00:00',1800,'039','2010-04-30 00:00:00'),(49,'FD061','2010-05-05 00:00:00',650,'040','2010-04-30 00:00:00'),(50,'FD020','2010-05-06 00:00:00',21000,'041','2010-03-31 00:00:00'),(51,'FD033','2010-05-01 00:00:00',3600,'042','2010-03-31 00:00:00'),(52,'FD033','2010-05-01 00:00:00',3600,'043','2010-04-30 00:00:00'),(53,'FD059','2010-05-01 00:00:00',1300,'044','2010-04-30 00:00:00'),(54,'FD046','2010-05-09 00:00:00',6000,'045','2010-05-31 00:00:00'),(55,'FD047','2010-05-12 00:00:00',5000,'046','2010-05-15 00:00:00');

/*Table structure for table `fixedtrans` */

DROP TABLE IF EXISTS `fixedtrans`;

CREATE TABLE `fixedtrans` (
  `Record_ID` int(11) NOT NULL AUTO_INCREMENT,
  `FD_No` varchar(10) DEFAULT NULL,
  `Paid_Date` datetime DEFAULT NULL,
  `Amount` float DEFAULT NULL,
  `Receipt_No` varchar(10) DEFAULT NULL,
  PRIMARY KEY (`Record_ID`)
) ENGINE=InnoDB AUTO_INCREMENT=18 DEFAULT CHARSET=latin1;

/*Data for the table `fixedtrans` */

insert  into `fixedtrans`(`Record_ID`,`FD_No`,`Paid_Date`,`Amount`,`Receipt_No`) values (1,'FD007','2009-05-30 00:00:00',5500,'1'),(2,'FD028','2010-02-10 00:00:00',8500,'2'),(3,'FD027','2010-02-27 00:00:00',175000,'2'),(4,'FD003','2010-03-31 00:00:00',5390,'01'),(5,'FD002','2010-03-31 00:00:00',30000,'04'),(6,'FD026','2010-03-31 00:00:00',375000,'13'),(7,'FD029','2010-03-15 00:00:00',450000,'15'),(8,'FD041','2010-03-15 00:00:00',110000,'17'),(9,'FD042','2010-03-31 00:00:00',17810,'18'),(10,'FD030','2010-03-31 00:00:00',22190,'19'),(11,'FD040','2010-03-31 00:00:00',2.5e+006,'07'),(12,'FD011','2010-04-01 00:00:00',6000,'033'),(13,'FD016','2010-04-01 00:00:00',90000,'034'),(14,'FD031','2010-04-18 00:00:00',237500,'041'),(15,'FD033','2010-05-01 00:00:00',360000,'047'),(16,'FD059','2010-05-01 00:00:00',130000,'048'),(17,'FD053','2010-05-10 00:00:00',250000,'050');

/*Table structure for table `groups` */

DROP TABLE IF EXISTS `groups`;

CREATE TABLE `groups` (
  `Group_ID` int(11) NOT NULL AUTO_INCREMENT,
  `Group_Name` varchar(25) DEFAULT NULL,
  `Main_Group` varchar(15) DEFAULT NULL,
  `Sub_Group` varchar(25) DEFAULT NULL,
  `Cr_Dr` varchar(3) DEFAULT NULL,
  PRIMARY KEY (`Group_ID`)
) ENGINE=InnoDB AUTO_INCREMENT=29 DEFAULT CHARSET=latin1;

/*Data for the table `groups` */

insert  into `groups`(`Group_ID`,`Group_Name`,`Main_Group`,`Sub_Group`,`Cr_Dr`) values (1,'CAPITAL ACCOUNT','LIABILITIES','CAPITAL ACCOUNT','Cr'),(2,'RESERVES & SURPLUS','LIABILITIES','CAPITAL ACCOUNT','Cr'),(3,'LOANS (LIABILITIES)','LIABILITIES','LOANS (LIABILITIES)','Cr'),(4,'BANK OD A/C','LIABILITIES','LOANS (LIABILITIES)','Cr'),(5,'SECURED LOANS','LIABILITIES','LOANS (LIABILITIES)','Cr'),(6,'UNSECURED LOANS','LIABILITIES','LOANS (LIABILITIES)','Cr'),(7,'CURRENT LIABILITIES','LIABILITIES','CURRENT LIABILITIES','Cr'),(8,'DUTIES & TAXES','LIABILITIES','CURRENT LIABILITIES','Cr'),(9,'PROVISIONS','LIABILITIES','CURRENT LIABILITIES','Cr'),(10,'SUNDRY CREDITORS','LIABILITIES','CURRENT LIABILITIES','Cr'),(11,'FIXED ASSETS','ASSETS','FIXED ASSETS','Dr'),(12,'INVESTMENTS','ASSETS','INVESTMENTS','Dr'),(13,'CURRENT ASSETS','ASSETS','CURRENT ASSETS','Dr'),(14,'BANK ACCOUNTS','ASSETS','CURRENT ASSETS','Dr'),(15,'CASH-IN-HAND','ASSETS','CURRENT ASSETS','Dr'),(16,'DEPOSITS (ASSETS)','ASSETS','CURRENT ASSETS','Dr'),(17,'LOANS & ADVANCES (ASSETS)','ASSETS','CURRENT ASSETS','Dr'),(18,'STOCK-IN-HAND','ASSETS','CURRENT ASSETS','Dr'),(19,'SUNDRY DEBTORS','ASSETS','CURRENT ASSETS','Dr'),(20,'BRANCH / DIVISIONS','ASSETS','BRANCH / DIVISIONS','Dr'),(21,'MISC EXPENSES (ASSETS)','ASSETS','MISC EXPENSES (ASSETS)','Dr'),(22,'SUSPENSE A/C','ASSETS','SUSPENSE A/C','Dr'),(23,'SALES ACCOUNT','INCOME','SALES ACCOUNT','Cr'),(24,'DIRECT INCOMES','INCOME','DIRECT INCOMES','Cr'),(25,'INDIRECT INCOMES','INCOME','INDIRECT INCOMES','Cr'),(26,'PURCHASE ACCOUNTS','EXPENSE','PURCHASE ACCOUNTS','Dr'),(27,'DIRECT EXPENSES','EXPENSE','DIRECT EXPENSES','Dr'),(28,'INDIRECT EXPENSES','EXPENSE','INDIRECT EXPENSES','Dr');

/*Table structure for table `hundiinterest` */

DROP TABLE IF EXISTS `hundiinterest`;

CREATE TABLE `hundiinterest` (
  `Record_id` int(11) NOT NULL AUTO_INCREMENT,
  `Hl_loanno` varchar(10) DEFAULT NULL,
  `Interest_amount` float DEFAULT NULL,
  `Receipt_no` varchar(10) DEFAULT NULL,
  `Paid_date` datetime DEFAULT NULL,
  `Interest_upto` datetime DEFAULT NULL,
  PRIMARY KEY (`Record_id`)
) ENGINE=InnoDB AUTO_INCREMENT=60 DEFAULT CHARSET=latin1;

/*Data for the table `hundiinterest` */

insert  into `hundiinterest`(`Record_id`,`Hl_loanno`,`Interest_amount`,`Receipt_no`,`Paid_date`,`Interest_upto`) values (2,'HL010',152,'002','2010-01-31 00:00:00','2010-01-31 00:00:00'),(3,'HL011',70000,'03','2009-10-03 00:00:00','2009-02-14 00:00:00'),(4,'HL014',9000,'04','2009-10-06 00:00:00','2010-01-07 00:00:00'),(5,'HL014',9000,'1','2010-01-09 00:00:00','2010-04-05 00:00:00'),(6,'HL010',6000,'2','2010-01-09 00:00:00','2009-12-31 00:00:00'),(7,'HL016',3000,'1','2010-01-14 00:00:00','2010-01-19 00:00:00'),(8,'HL020',13500,'2','2010-01-14 00:00:00','2010-01-01 00:00:00'),(9,'HL005',1000,'3','2010-01-14 00:00:00','2010-01-01 00:00:00'),(10,'HL015',6000,'1','2010-01-22 00:00:00','2009-12-31 00:00:00'),(11,'HL013',1500,'2','2010-01-22 00:00:00','2010-01-20 00:00:00'),(12,'HL017',4500,'3','2010-01-22 00:00:00','2010-01-20 00:00:00'),(13,'HL008',750,'3','2010-02-01 00:00:00','2010-02-01 00:00:00'),(14,'HL018',10000,'1','2010-01-08 00:00:00','2009-12-31 00:00:00'),(15,'HL018',10000,'2','2010-02-17 00:00:00','2010-01-31 00:00:00'),(16,'HL024',12000,'1','2010-02-17 00:00:00','2010-01-31 00:00:00'),(17,'HL010',3000,'3','2010-02-20 00:00:00','2010-01-30 00:00:00'),(18,'HL015',3000,'2','2010-02-24 00:00:00','2010-01-31 00:00:00'),(19,'HL013',1500,'3','2010-02-27 00:00:00','2010-02-20 00:00:00'),(20,'HL017',4500,'4','2010-02-27 00:00:00','2010-02-20 00:00:00'),(21,'HL002',15200,'01','2010-03-31 00:00:00','2010-03-31 00:00:00'),(22,'HL004',3000,'02','2010-03-31 00:00:00','2010-03-31 00:00:00'),(23,'HL005',1000,'03','2010-03-03 00:00:00','2010-01-31 00:00:00'),(24,'HL005',1000,'04','2010-03-17 00:00:00','2010-02-28 00:00:00'),(25,'HL009',17875,'05','2010-03-25 00:00:00','2010-03-25 00:00:00'),(26,'HL010',4200,'06','2010-03-15 00:00:00','2010-03-15 00:00:00'),(27,'HL013',1500,'08','2010-03-20 00:00:00','2010-03-20 00:00:00'),(28,'HL015',3000,'09','2010-03-20 00:00:00','2010-02-28 00:00:00'),(29,'HL016',3000,'010','2010-03-03 00:00:00','2010-02-19 00:00:00'),(30,'HL016',3000,'011','2010-03-17 00:00:00','2010-03-19 00:00:00'),(31,'HL017',4500,'012','2010-03-20 00:00:00','2010-03-20 00:00:00'),(32,'HL019',1000,'013','2010-01-18 00:00:00','2010-01-10 00:00:00'),(33,'HL019',1000,'014','2010-03-10 00:00:00','2010-03-15 00:00:00'),(34,'HL020',13500,'015','2010-03-03 00:00:00','2010-02-01 00:00:00'),(35,'HL020',13500,'016','2010-03-17 00:00:00','2010-03-01 00:00:00'),(36,'HL024',3000,'019','2010-03-09 00:00:00','2010-02-28 00:00:00'),(38,'HL028',4000,'021','2010-03-31 00:00:00','2010-03-31 00:00:00'),(39,'HL029',4500,'023','2010-03-15 00:00:00','2010-03-15 00:00:00'),(40,'HL042',21170,'024','2010-03-31 00:00:00','2010-03-31 00:00:00'),(41,'HL037',1200,'029','2010-03-26 00:00:00','2010-03-05 00:00:00'),(42,'HL038',6550,'032','2010-03-19 00:00:00','2010-03-31 00:00:00'),(43,'HL008',900,'036','2010-04-08 00:00:00','2010-04-01 00:00:00'),(44,'HL018',20000,'037','2010-04-08 00:00:00','2010-03-31 00:00:00'),(45,'HL019',1000,'038','2010-04-18 00:00:00','2010-04-10 00:00:00'),(46,'HL024',3000,'039','2010-04-18 00:00:00','2010-03-31 00:00:00'),(47,'HL039',1000,'040','2010-04-18 00:00:00','2010-03-11 00:00:00'),(48,'HL013',1500,'042','2010-04-18 00:00:00','2010-04-20 00:00:00'),(49,'HL014',9000,'043','2010-04-18 00:00:00','2010-07-07 00:00:00'),(50,'HL017',4500,'044','2010-04-18 00:00:00','2010-04-20 00:00:00'),(51,'HL025',1000,'045','2010-04-25 00:00:00','2010-04-30 00:00:00'),(52,'HL020',13500,'47','2010-04-30 00:00:00','2010-04-01 00:00:00'),(53,'HL021',17870,'48','2010-04-30 00:00:00','2010-03-31 00:00:00'),(54,'HL016',3000,'49','2010-04-30 00:00:00','2010-04-19 00:00:00'),(55,'HL005',1000,'50','2010-04-30 00:00:00','2010-03-31 00:00:00'),(56,'HL046',350,'51','2010-05-04 00:00:00','2010-05-04 00:00:00'),(57,'HL018',10000,'53','2010-05-05 00:00:00','2010-04-30 00:00:00'),(58,'HL039',1000,'049','2010-05-09 00:00:00','2010-04-11 00:00:00'),(59,'HL016',3000,'051','2010-05-12 00:00:00','2010-05-19 00:00:00');

/*Table structure for table `hundiloans` */

DROP TABLE IF EXISTS `hundiloans`;

CREATE TABLE `hundiloans` (
  `Hl_loanno` varchar(10) NOT NULL DEFAULT '',
  `Customer_id` int(11) DEFAULT NULL,
  `Co_obligent` varchar(50) DEFAULT NULL,
  `Coobligent_address` varchar(50) DEFAULT NULL,
  `Loan_amount` float DEFAULT NULL,
  `Loan_date` datetime DEFAULT NULL,
  `Closed` char(1) DEFAULT NULL,
  `Rate` float DEFAULT NULL,
  `Pay_mode` int(11) DEFAULT NULL,
  `Cheque_no` varchar(10) DEFAULT NULL,
  `Bank_id` int(11) DEFAULT NULL,
  PRIMARY KEY (`Hl_loanno`)
) ENGINE=InnoDB DEFAULT CHARSET=latin1;

/*Data for the table `hundiloans` */

insert  into `hundiloans`(`Hl_loanno`,`Customer_id`,`Co_obligent`,`Coobligent_address`,`Loan_amount`,`Loan_date`,`Closed`,`Rate`,`Pay_mode`,`Cheque_no`,`Bank_id`) values ('HL001',1,'s.umadevi','bnglr',80000,'2009-06-30 00:00:00','n',0,1,'',0),('HL002',32,'p.r.chalam','chelur',249278,'2009-02-06 00:00:00','n',18,1,'',0),('HL003',33,'p.sunil kumar','chelur',18000,'2009-03-09 00:00:00','n',0,1,'',0),('HL004',34,'p.r.chalam','chelur',25000,'2009-03-31 00:00:00','n',12,1,'',0),('HL005',35,'Self','self',100000,'2008-12-01 00:00:00','n',12,1,'',0),('HL006',36,'Self','self',7200,'2009-12-04 00:00:00','n',0,1,'',0),('HL007',37,'Self','self',13500,'2009-10-12 00:00:00','n',0,1,'',0),('HL008',38,'B,A,Jagannatham','chelur',100000,'2009-12-31 00:00:00','n',18,1,'',0),('HL009',39,'V.s.s.rao','chelur',130000,'2009-03-31 00:00:00','n',15,1,'',0),('HL010',40,'Self','self',200000,'2009-10-31 00:00:00','n',18,1,'',0),('HL011',41,'Self','self',500000,'2008-05-14 00:00:00','n',18,1,'',0),('HL012',42,'Self','self',10000,'2008-01-30 00:00:00','n',0,1,'',0),('HL013',44,'Self','self',100000,'2009-12-20 00:00:00','n',18,1,'',0),('HL014',44,'Self','self',200000,'2009-10-07 00:00:00','n',18,1,'',0),('HL015',45,'Self','self',200000,'2009-10-31 00:00:00','n',18,1,'',0),('HL016',46,'Self','self',200000,'2009-12-19 00:00:00','n',18,1,'',0),('HL017',47,'Self','self',300000,'2009-12-20 00:00:00','n',18,1,'',0),('HL018',48,'Self','self',500000,'2009-11-30 00:00:00','n',24,1,'',0),('HL019',49,'V.s.s.rao','chelur',50000,'2009-12-10 00:00:00','n',24,1,'',0),('HL020',50,'Self','self',900000,'2009-12-01 00:00:00','n',18,1,'',0),('HL021',50,'Self','self',400000,'2009-10-06 00:00:00','n',12,1,'',0),('HL022',51,'Self','self',50000,'2009-07-18 00:00:00','n',0,1,'',0),('HL023',52,'Appiswamy','bagepalli',400000,'2009-10-08 00:00:00','n',18,1,'',0),('HL024',53,'Self','self',300000,'2009-10-05 00:00:00','n',18,1,'',0),('HL025',54,'Self','self',20000,'2009-11-18 00:00:00','n',24,1,'',0),('HL026',55,'Self','self',200000,'2009-12-23 00:00:00','n',18,1,'',0),('HL027',43,'p.r.chalam','chelur',40000,'2009-12-31 00:00:00','n',24,1,'',0),('HL028',56,'Self','self',100000,'2010-01-09 00:00:00','n',18,1,'',0),('HL029',57,'self','self',150000,'2010-01-16 00:00:00','n',18,1,'',0),('HL030',26,'vssr','mgp',20000,'2010-01-19 00:00:00','n',10,1,'',0),('HL031',43,'self','self',10000,'2010-01-20 00:00:00','n',24,1,'',0),('HL032',43,'self','self',10000,'2010-01-23 00:00:00','n',24,1,'',0),('HL033',43,'self','self',10000,'2010-01-25 00:00:00','n',24,1,'',0),('HL034',43,'self','self',20000,'2010-02-02 00:00:00','n',24,1,'',0),('HL035',43,'self','self',10000,'2010-02-06 00:00:00','n',24,1,'',0),('HL036',43,'self','self',6000,'2010-02-10 00:00:00','n',24,1,'',0),('HL037',63,'self','self',100000,'2010-02-11 00:00:00','n',18,1,'',0),('HL038',64,'Shekar reddy','mdp',200000,'2010-02-11 00:00:00','n',24,1,'',0),('HL039',65,'self','self',50000,'2010-02-11 00:00:00','n',18,1,'',0),('HL040',39,'self','self',50000,'2010-03-31 00:00:00','n',15.6,1,'',0),('HL041',40,'self','self',30000,'2010-03-15 00:00:00','n',18,1,'',0),('HL042',68,'partners','self',500000,'2009-11-23 00:00:00','n',12,1,'',0),('HL043',69,'self','self',100000,'2010-03-10 00:00:00','n',18,1,'',0),('HL044',43,'self','self',72000,'2010-03-31 00:00:00','n',24,1,'',0),('HL045',30,'self','self',500000,'2010-03-31 00:00:00','n',12,1,'',0),('HL046',27,'self','self',50000,'2010-04-07 00:00:00','n',18,1,'',0),('HL047',53,'self','self',150000,'2010-05-09 00:00:00','n',12,1,'',0);

/*Table structure for table `hunditrans` */

DROP TABLE IF EXISTS `hunditrans`;

CREATE TABLE `hunditrans` (
  `Record_id` int(11) NOT NULL AUTO_INCREMENT,
  `Hl_loanno` varchar(10) DEFAULT NULL,
  `Paid_date` datetime DEFAULT NULL,
  `Receipt_no` varchar(10) DEFAULT NULL,
  `Amount` float DEFAULT NULL,
  PRIMARY KEY (`Record_id`)
) ENGINE=InnoDB AUTO_INCREMENT=26 DEFAULT CHARSET=latin1;

/*Data for the table `hunditrans` */

insert  into `hunditrans`(`Record_id`,`Hl_loanno`,`Paid_date`,`Receipt_no`,`Amount`) values (1,'HL006','2010-01-05 00:00:00','1',1000),(2,'HL007','2010-01-21 00:00:00','1',9000),(3,'HL008','2009-12-31 00:00:00','1',50000),(4,'HL008','2010-02-01 00:00:00','2',20000),(5,'HL006','2010-02-04 00:00:00','1',1000),(6,'HL027','2010-02-23 00:00:00','1',40000),(7,'HL036','2010-02-23 00:00:00','2',6000),(8,'HL006','2010-03-05 00:00:00','01',1000),(9,'HL007','2010-03-31 00:00:00','02',4500),(10,'HL009','2010-03-25 00:00:00','03',130000),(11,'HL010','2010-03-15 00:00:00','04',200000),(12,'HL021','2010-01-10 00:00:00','017',200000),(13,'HL022','2010-03-09 00:00:00','018',500),(14,'HL028','2010-03-31 00:00:00','020',100000),(15,'HL029','2010-03-15 00:00:00','022',100000),(16,'HL031','2010-03-09 00:00:00','025',10000),(17,'HL032','2010-03-09 00:00:00','025',10000),(18,'HL033','2010-03-09 00:00:00','026',10000),(19,'HL034','2010-03-09 00:00:00','027',20000),(20,'HL035','2010-03-09 00:00:00','028',10000),(21,'HL037','2010-03-05 00:00:00','030',100000),(22,'HL038','2010-03-19 00:00:00','031',100000),(23,'HL025','2010-04-07 00:00:00','035',5000),(24,'HL025','2010-04-25 00:00:00','046',10000),(25,'HL046','2010-05-04 00:00:00','52',50000);

/*Table structure for table `ledgers` */

DROP TABLE IF EXISTS `ledgers`;

CREATE TABLE `ledgers` (
  `Ledger_ID` int(11) NOT NULL AUTO_INCREMENT,
  `Ledger_Name` varchar(60) DEFAULT NULL,
  `Opening_Balance` double(10,2) DEFAULT NULL,
  `Balance_Type` varchar(3) DEFAULT NULL,
  `Group_ID` int(11) DEFAULT NULL,
  PRIMARY KEY (`Ledger_ID`)
) ENGINE=InnoDB AUTO_INCREMENT=69 DEFAULT CHARSET=latin1;

/*Data for the table `ledgers` */

insert  into `ledgers`(`Ledger_ID`,`Ledger_Name`,`Opening_Balance`,`Balance_Type`,`Group_ID`) values (1,'       INT/ Gold/ Dcl/Interest',0.00,'Cr',24),(2,'PATA(Exp)',0.00,'Dr',27),(3,'SALARIES',0.00,'Dr',27),(4,'A=T=K=T',0.00,'Cr',7),(5,'C-H-I-T-S',0.00,'Cr',7),(6,'Cash',0.00,'Cr',15),(7,'P.R.C.(RENTaccount)',0.00,'Cr',7),(8,'personal acc(dummy)',0.00,'Cr',7),(9,'H.L,INTREST',0.00,'Cr',24),(10,'P.R.CHLAM(personal)',0.00,'Dr',7),(14,'Interest Paid',0.00,'Cr',24),(15,'God',0.00,'Cr',7),(16,'Intrest payable',0.00,'Cr',7),(17,'Intrest receivable',0.00,'Dr',7),(18,'RENTadvance',0.00,'Dr',7),(19,'Kapali =1st day',0.00,'Dr',12),(20,'Kapali =6 th day',0.00,'Dr',12),(21,'Kapali =15 th day',0.00,'Dr',12),(22,'Kapali =10 th day',0.00,'Cr',12),(23,'CHIT=profits',0.00,'Cr',24),(24,'Bagepalli chits 6 th day',0.00,'Dr',12),(25,'KNP chit',0.00,'Dr',12),(26,'PFC chit 9 th day',0.00,'Dr',12),(27,'PFC chit 29 th day',0.00,'Dr',12),(28,'PFC chit 22 th day',0.00,'Dr',12),(29,'Partners c/a @ ac/=',0.00,'Dr',7),(30,'Capital @ ac/=',0.00,'Dr',7),(31,'Deposits @ ac/=',0.00,'Dr',7),(32,'RESERVE fund',0.00,'Cr',7),(33,'VEHICLE @ac/=',0.00,'Cr',7),(34,'CHIT=commissions',0.00,'Cr',13),(35,'CHIT=adjustments',0.00,'Cr',7),(36,'CHIT=devidends',0.00,'Cr',7),(37,'CHIT=discounts',0.00,'Dr',7),(38,'Dummy c. a  @ ac/=',0.00,'Dr',7),(39,'Dummy Loans',0.00,'Dr',7),(40,'Vasavi temple',0.00,'Dr',7),(41,'PNNY pending',0.00,'Cr',7),(42,'T.D.S ac/=',0.00,'Dr',7),(43,'God silver ac/=',0.00,'Dr',7),(44,'Tata Sumo ac/=',0.00,'Dr',7),(45,'Service Charges',0.00,'Cr',24),(46,'Ac/ adjustments(Intrest receipts)',0.00,'Dr',7),(47,'Ac/ adjustments(salaries)',0.00,'Cr',7),(48,'CHIT=discounts=loss',0.00,'Dr',28),(49,'CHIT=Bid loss',0.00,'Dr',28),(51,'Extra chits(25>)',0.00,'Cr',7),(52,'Furniture dippression',0.00,'Dr',28),(53,'Bank balance',0.00,'Dr',7),(54,'Ac/ cash book',0.00,'Cr',7),(55,'THERU ac/',0.00,'Dr',7),(56,'KNP temple',0.00,'Cr',7),(57,'Bagepalli chits 15 th day',0.00,'Dr',7),(58,'Auditors ac/',0.00,'Dr',27),(59,'Diffrence',0.00,'Cr',7),(60,'16 Th Discount',0.00,'Dr',7),(61,'10Th Discount',0.00,'Dr',28),(62,'5 Th Discount',0.00,'Dr',28),(63,'12Th Discount',0.00,'Dr',28),(64,'15Th Discount',0.00,'Dr',28),(65,'20Th Discount',0.00,'Dr',28),(66,'23Th Discount',0.00,'Dr',28),(67,'25Th Discount',0.00,'Dr',28),(68,'30Th Discount',0.00,'Dr',28);

/*Table structure for table `users` */

DROP TABLE IF EXISTS `users`;

CREATE TABLE `users` (
  `User_ID` int(11) NOT NULL AUTO_INCREMENT,
  `User_Name` varchar(30) DEFAULT NULL,
  `Password` varchar(255) DEFAULT NULL,
  PRIMARY KEY (`User_ID`)
) ENGINE=InnoDB AUTO_INCREMENT=2 DEFAULT CHARSET=latin1;

/*Data for the table `users` */

insert  into `users`(`User_ID`,`User_Name`,`Password`) values (1,'admin','21232f297a57a5a743894a0e4a801fc3');

/*Table structure for table `voucher_types` */

DROP TABLE IF EXISTS `voucher_types`;

CREATE TABLE `voucher_types` (
  `VoucherType_ID` int(11) NOT NULL AUTO_INCREMENT,
  `VoucherType_Name` varchar(25) DEFAULT NULL,
  PRIMARY KEY (`VoucherType_ID`)
) ENGINE=InnoDB AUTO_INCREMENT=4 DEFAULT CHARSET=latin1;

/*Data for the table `voucher_types` */

insert  into `voucher_types`(`VoucherType_ID`,`VoucherType_Name`) values (1,'PAYMENT'),(2,'RECEIPT'),(3,'CONTRA');

/*Table structure for table `vouchers` */

DROP TABLE IF EXISTS `vouchers`;

CREATE TABLE `vouchers` (
  `Voucher_ID` int(11) NOT NULL AUTO_INCREMENT,
  `Voucher_Date` datetime DEFAULT NULL,
  `Voucher_Type` int(11) DEFAULT NULL,
  `Voucher_No` int(11) DEFAULT NULL,
  `From_Ledger` int(11) DEFAULT NULL,
  `To_Ledger` int(11) DEFAULT NULL,
  `Amount` double(10,2) DEFAULT NULL,
  `Narration` text,
  PRIMARY KEY (`Voucher_ID`)
) ENGINE=InnoDB AUTO_INCREMENT=1760 DEFAULT CHARSET=latin1;

/*Data for the table `vouchers` */

insert  into `vouchers`(`Voucher_ID`,`Voucher_Date`,`Voucher_Type`,`Voucher_No`,`From_Ledger`,`To_Ledger`,`Amount`,`Narration`) values (1,'2009-11-21 00:00:00',2,1,4,6,1500.00,'VSSR'),(2,'2009-11-21 00:00:00',2,2,5,6,13220.00,'14'),(3,'2009-11-21 00:00:00',2,3,1,6,1200.00,'HUSSENSAB'),(4,'2009-11-21 00:00:00',2,4,5,6,7940.00,'15'),(5,'2009-11-21 00:00:00',2,5,1,6,315.00,'gl'),(6,'2009-11-21 00:00:00',2,6,5,6,3680.00,'17'),(7,'2009-11-21 00:00:00',2,7,1,6,182.00,'gl'),(8,'2009-11-21 00:00:00',2,8,5,6,1480.00,'13'),(9,'2009-11-21 00:00:00',2,9,5,6,3960.00,'14'),(10,'2009-11-21 00:00:00',2,10,5,6,8220.00,'16'),(11,'2009-11-21 00:00:00',2,11,5,6,1480.00,'13'),(12,'2009-11-21 00:00:00',2,12,5,6,1875.00,'1'),(13,'2009-11-21 00:00:00',2,13,5,6,1940.00,'12'),(16,'2009-11-21 00:00:00',1,3,6,7,12000.00,'bank'),(17,'2009-11-21 00:00:00',1,4,6,7,7000.00,'p.c.p.bank'),(18,'2009-11-21 00:00:00',1,5,6,7,5500.00,'p.s.k.bank'),(19,'2009-11-21 00:00:00',1,6,6,7,2500.00,'usha bank'),(20,'2009-11-21 00:00:00',2,14,8,6,27000.00,'bank paid'),(21,'2009-11-21 00:00:00',2,15,5,6,3640.00,'27'),(22,'2009-11-21 00:00:00',2,16,5,6,3680.00,'17'),(23,'2009-11-21 00:00:00',2,17,5,6,1830.00,'18'),(24,'2009-11-21 00:00:00',2,18,9,6,470.00,'Mukbal upto30/11/09'),(25,'2009-11-21 00:00:00',1,7,6,2,105.00,'sunil tiff=etc'),(26,'2009-11-21 00:00:00',2,19,4,6,15000.00,'kapali babu'),(27,'2009-11-21 00:00:00',2,20,9,6,35000.00,'b.narayanappa'),(28,'2009-11-21 00:00:00',2,21,5,6,18560.00,'20'),(29,'2009-11-21 00:00:00',2,22,5,6,3500.00,'6'),(30,'2009-11-21 00:00:00',2,23,5,6,1480.00,'13'),(31,'2009-11-21 00:00:00',1,8,6,2,900.00,'ganesh'),(32,'2009-11-21 00:00:00',1,9,6,2,9700.00,'silver boul'),(33,'2009-11-21 00:00:00',1,10,6,2,590.00,'blr+light'),(34,'2009-11-21 00:00:00',2,24,5,6,9850.00,'7'),(35,'2009-11-21 00:00:00',1,11,6,10,600.00,'p.o.m'),(64,'2009-11-22 00:00:00',2,25,5,6,9505.00,'5'),(65,'2009-11-23 00:00:00',2,26,4,6,1000.00,'sample'),(66,'2009-12-31 00:00:00',2,1,15,6,101.00,'31/12/09'),(67,'2009-12-31 00:00:00',2,2,16,6,78852.00,'31/12/09'),(68,'2009-12-31 00:00:00',1,1,6,17,82180.00,'31/12/09'),(69,'2009-12-31 00:00:00',1,2,6,18,50000.00,'31/12/09'),(70,'2009-12-31 00:00:00',1,3,6,19,196632.00,'31/12/09(upto 18)'),(71,'2009-12-31 00:00:00',2,3,23,6,72736.00,'kapali 6thday old'),(72,'2009-12-31 00:00:00',1,4,6,20,87512.00,'31/12/09(upto 7)'),(73,'2009-12-31 00:00:00',1,5,6,21,88128.00,'31/12/09(upto 7)'),(74,'2009-12-31 00:00:00',2,4,22,6,42980.00,'31/12/09(upto 22)'),(75,'2009-12-31 00:00:00',1,6,6,24,224390.00,'31/12/09(upto 13)'),(76,'2009-12-31 00:00:00',2,5,23,6,18780.00,'BPchit 15th old'),(77,'2009-12-31 00:00:00',1,7,6,25,20236.00,'31/12/09(upto 5)'),(78,'2009-12-31 00:00:00',1,8,6,26,19098.00,'31/12/09(upto 22)'),(79,'2009-12-31 00:00:00',2,6,23,6,1891.00,'pfc chit 13th old'),(80,'2009-12-31 00:00:00',1,9,6,27,16176.00,'31/12/09(upto 19)'),(81,'2009-12-31 00:00:00',1,10,6,28,16750.00,'31/12/09(upto 10)'),(82,'2009-12-31 00:00:00',2,7,32,6,56425.00,'31/12/09'),(83,'2009-12-31 00:00:00',1,11,6,29,188775.00,'31/12/09'),(84,'2009-12-31 00:00:00',1,12,6,30,3129237.00,'31/12/09'),(85,'2009-12-31 00:00:00',1,13,6,31,4220000.00,'31/12/09'),(86,'2009-12-31 00:00:00',1,14,6,38,1440000.00,'31/12/09'),(87,'2009-12-31 00:00:00',2,8,39,6,130000.00,'31/12/09'),(88,'2009-12-31 00:00:00',2,9,33,6,167407.00,'31/12/09'),(89,'2009-12-31 00:00:00',1,15,6,40,119286.00,'31/12/09'),(90,'2009-12-31 00:00:00',2,10,34,6,2465000.00,'31/12/09'),(91,'2009-12-31 00:00:00',2,11,35,6,5427825.00,'31/12/09'),(92,'2009-12-31 00:00:00',2,12,36,6,367975.00,'31/12/09'),(93,'2009-12-31 00:00:00',1,16,6,37,791400.00,'31/12/09'),(94,'2009-12-31 00:00:00',1,17,6,5,2050832.00,'31/12/09'),(95,'2009-12-31 00:00:00',2,13,41,6,14821.00,'31/12/09'),(96,'2009-12-31 00:00:00',1,18,6,42,67319.00,'31/12/09'),(97,'2009-12-31 00:00:00',1,19,6,4,108130.00,'31/12/09'),(98,'2009-12-31 00:00:00',1,20,6,10,1484199.00,'31/12/09'),(99,'2009-12-31 00:00:00',2,14,9,6,1263694.00,'31/12/09'),(100,'2009-12-31 00:00:00',2,15,23,6,1362500.00,'31/12/09'),(101,'2009-12-31 00:00:00',1,21,6,7,73755.00,'31/12/09'),(102,'2009-12-31 00:00:00',1,22,6,44,44996.00,'31/12/09'),(103,'2009-12-31 00:00:00',2,16,1,6,484806.00,'31/12/09'),(104,'2009-12-31 00:00:00',2,17,45,6,9000.00,'31/12/09'),(105,'2009-12-31 00:00:00',2,18,47,6,227280.00,'31/12/09'),(106,'2009-12-31 00:00:00',1,23,6,46,974224.00,'31/12/09'),(107,'2009-12-31 00:00:00',2,19,8,6,393914.00,'31/12/09'),(108,'2009-12-31 00:00:00',1,24,6,43,140940.00,'31/12/09'),(109,'2009-12-31 00:00:00',1,25,6,52,46264.00,'31/12/09'),(110,'2009-12-31 00:00:00',1,26,6,53,1283.00,'31/12/09'),(111,'2009-12-31 00:00:00',2,20,54,6,104947.00,'31/12/09'),(112,'2009-12-31 00:00:00',1,27,6,48,444000.00,'31/12/09'),(113,'2009-12-31 00:00:00',1,28,6,49,422186.00,'31/12/09'),(114,'2009-12-31 00:00:00',1,29,6,14,1248852.00,'31/12/09'),(115,'2009-12-31 00:00:00',1,30,6,3,234460.00,'31/12/09'),(116,'2009-12-31 00:00:00',1,31,6,2,266411.00,'31/12/09'),(117,'2009-12-31 00:00:00',2,21,51,6,390358.00,'31/12/09'),(118,'2009-12-31 00:00:00',1,32,6,10,26500.00,'Theru'),(119,'2009-12-31 00:00:00',1,33,6,1,102.00,'31/12/09'),(120,'2010-01-01 00:00:00',2,1,4,6,469685.00,'31/12/09'),(121,'2010-01-01 00:00:00',2,2,4,6,709198.00,'31/12/09'),(122,'2010-01-01 00:00:00',1,1,6,1,99.00,'2866'),(123,'2010-01-01 00:00:00',1,2,6,1,33.00,'2809'),(124,'2010-01-01 00:00:00',2,3,1,6,180.00,'2945'),(125,'2010-01-01 00:00:00',2,4,1,6,780.00,'2946'),(126,'2010-01-01 00:00:00',2,5,1,6,90.00,'2947'),(127,'2010-01-01 00:00:00',2,6,1,6,435.00,'1192'),(128,'2010-01-01 00:00:00',1,3,6,1,31.00,'G.L'),(129,'2010-01-01 00:00:00',2,7,7,6,1650.00,'Dinesh(upto 1/1/10)'),(130,'2010-01-01 00:00:00',1,4,6,2,50.00,'mgv'),(131,'2010-01-01 00:00:00',1,5,6,55,6200.00,'Beldar+ele kodanda'),(132,'2010-01-01 00:00:00',1,6,6,10,330.00,'Sreemantam coconut 82'),(133,'2010-01-01 00:00:00',2,8,5,6,780.00,'26'),(134,'2010-01-01 00:00:00',1,7,6,2,135.00,'petrol&etc'),(135,'2010-01-01 00:00:00',1,8,6,3,2700.00,'etc'),(136,'2010-01-01 00:00:00',1,9,6,2,500.00,'sreerama(driver)'),(137,'2010-01-01 00:00:00',2,9,1,6,1723.00,'655+1062'),(138,'2010-01-02 00:00:00',2,10,9,6,450.00,'babjan(chiken)upto31/12'),(139,'2010-01-02 00:00:00',2,11,1,6,1993.00,'G.L'),(140,'2010-01-02 00:00:00',2,12,4,6,3480.00,'vssr(lic)'),(141,'2010-01-02 00:00:00',2,13,9,6,4500.00,'Chowdappa(31/12)'),(142,'2010-01-02 00:00:00',2,14,5,6,10100.00,'16+28'),(143,'2010-01-02 00:00:00',1,10,6,37,200.00,'16'),(144,'2010-01-02 00:00:00',1,11,6,2,60.00,'petrol'),(145,'2010-01-02 00:00:00',1,12,6,4,55000.00,'bng'),(146,'2010-01-04 00:00:00',2,15,1,6,11371.00,'G.L'),(147,'2010-01-04 00:00:00',2,16,9,6,3000.00,'saginalu 31/12'),(148,'2010-01-04 00:00:00',2,17,1,6,1000.00,'Dcl'),(149,'2010-01-04 00:00:00',2,18,4,6,10000.00,'A.vijaykumar'),(150,'2010-01-04 00:00:00',2,19,5,6,141025.00,'chits ext'),(151,'2010-01-04 00:00:00',2,20,55,6,3900.00,'etc'),(152,'2010-01-04 00:00:00',1,13,6,2,50.00,'etc'),(153,'2010-01-04 00:00:00',2,21,4,6,55000.00,'bng'),(154,'2010-01-04 00:00:00',1,14,6,10,75000.00,'A.R.P'),(155,'2010-01-04 00:00:00',2,22,9,6,2385.00,'puttappa&dinesh'),(156,'2010-01-04 00:00:00',2,23,10,6,500.00,'diesel bill'),(157,'2010-01-04 00:00:00',1,15,6,2,419.00,'tffin&ext'),(158,'2010-01-04 00:00:00',1,16,6,37,1000.00,'chits ext'),(159,'2010-01-04 00:00:00',2,24,5,6,3640.00,'chits ext'),(160,'2010-01-04 00:00:00',2,25,4,6,1800.00,'vssr(lic)'),(161,'2010-01-05 00:00:00',2,26,5,6,85105.00,'chits ext'),(162,'2010-01-05 00:00:00',2,27,1,6,840.00,'G.L'),(163,'2010-01-05 00:00:00',2,28,1,6,1350.00,'G.L'),(164,'2010-01-05 00:00:00',2,29,1,6,225.00,'G.L'),(165,'2010-01-05 00:00:00',2,30,1,6,180.00,'G.L'),(166,'2010-01-05 00:00:00',2,31,1,6,538.00,'G.L'),(167,'2010-01-05 00:00:00',2,32,1,6,90.00,'g'),(168,'2010-01-05 00:00:00',2,33,1,6,198.00,'G.L'),(169,'2010-01-05 00:00:00',2,34,1,6,800.00,'G.L'),(170,'2010-01-05 00:00:00',2,35,1,6,1050.00,'G.L'),(171,'2010-01-05 00:00:00',1,17,6,1,75.00,'G.L'),(172,'2010-01-05 00:00:00',1,18,6,1,300.00,'G.L'),(173,'2010-01-05 00:00:00',1,19,6,1,90.00,'G.L'),(174,'2010-01-05 00:00:00',2,36,55,6,6700.00,'G.L'),(175,'2010-01-05 00:00:00',2,37,4,6,200.00,'Ayya'),(176,'2010-01-05 00:00:00',2,38,4,6,100000.00,'Dr byyreddy'),(177,'2010-01-05 00:00:00',1,20,6,5,237500.00,'5th draw'),(178,'2010-01-05 00:00:00',1,21,6,5,237500.00,'5th draw'),(179,'2010-01-05 00:00:00',2,39,7,6,1750.00,'vsh 31/12'),(180,'2010-01-05 00:00:00',1,22,6,37,1200.00,'chits ext'),(181,'2010-01-05 00:00:00',2,40,56,6,16500.00,'Hundi 2nd'),(182,'2010-01-06 00:00:00',1,23,6,1,66.00,'G.L'),(183,'2010-01-06 00:00:00',1,24,6,1,43.00,'G.L'),(184,'2010-01-06 00:00:00',2,41,1,6,120.00,'G.L'),(185,'2010-01-06 00:00:00',2,42,1,6,315.00,'G.L'),(186,'2010-01-06 00:00:00',2,43,1,6,840.00,'G.L'),(187,'2010-01-06 00:00:00',2,44,1,6,800.00,'Dcl'),(188,'2010-01-06 00:00:00',2,45,9,6,1625.00,'K.Radakrishna 31/12'),(189,'2010-01-06 00:00:00',2,46,1,6,330.00,'G.L'),(190,'2010-01-06 00:00:00',2,47,1,6,75.00,'G.L'),(191,'2010-01-06 00:00:00',2,48,1,6,135.00,'G.L'),(192,'2010-01-06 00:00:00',2,49,1,6,162.00,'G.L'),(193,'2010-01-06 00:00:00',2,50,1,6,3860.00,'G.L'),(194,'2010-01-06 00:00:00',2,51,1,6,160.00,'G.L'),(195,'2010-01-06 00:00:00',2,52,1,6,350.00,'pnny'),(196,'2010-01-06 00:00:00',1,25,6,2,30.00,'tffin&ext'),(197,'2010-01-06 00:00:00',1,26,6,2,111.00,'tffin&ext'),(198,'2010-01-06 00:00:00',1,27,6,37,800.00,'chits ext'),(199,'2010-01-06 00:00:00',2,53,5,6,78190.00,'chits ext'),(200,'2010-01-06 00:00:00',2,54,9,6,1700.00,'31/12/09'),(201,'2010-01-07 00:00:00',2,55,1,6,2340.00,'G.L'),(202,'2010-01-07 00:00:00',2,56,1,6,1200.00,'G.L'),(203,'2010-01-07 00:00:00',2,57,1,6,720.00,'G.L'),(204,'2010-01-07 00:00:00',2,58,1,6,225.00,'G.L'),(205,'2010-01-07 00:00:00',2,59,1,6,191.00,'G.L'),(206,'2010-01-07 00:00:00',2,60,1,6,390.00,'pl+q'),(207,'2010-01-07 00:00:00',2,61,4,6,63760.00,'ess(tnp)'),(208,'2010-01-07 00:00:00',1,28,6,2,125.00,'petrol&etc'),(209,'2010-01-07 00:00:00',1,29,6,25,3276.00,'6th'),(210,'2010-01-07 00:00:00',2,62,1,6,495.00,'G.L'),(212,'2010-01-07 00:00:00',1,30,6,24,18400.00,'14'),(213,'2010-01-07 00:00:00',1,31,6,4,10000.00,'A.vijaykumar'),(214,'2010-01-07 00:00:00',1,32,6,2,70.00,'bp ta'),(215,'2010-01-07 00:00:00',2,64,1,6,420.00,'G.L'),(216,'2010-01-07 00:00:00',2,65,1,6,135.00,'G.L'),(217,'2010-01-07 00:00:00',2,66,1,6,210.00,'G.L'),(218,'2010-01-07 00:00:00',2,67,1,6,2931.00,'G.L'),(219,'2010-01-07 00:00:00',2,68,1,6,7355.00,'G.L'),(220,'2010-01-07 00:00:00',2,69,1,6,17283.00,'G.L'),(221,'2010-01-07 00:00:00',2,70,41,6,70.00,'pnny54'),(222,'2010-01-07 00:00:00',2,71,5,6,184085.00,'chits ext'),(223,'2010-01-07 00:00:00',1,33,6,55,1450.00,'Theru'),(224,'2010-01-07 00:00:00',2,72,5,6,12595.00,'chits ext'),(225,'2010-01-07 00:00:00',1,34,6,56,875.00,'flower'),(226,'2010-01-07 00:00:00',2,73,4,6,36500.00,'ess(ashok)'),(227,'2010-01-07 00:00:00',1,35,6,10,10000.00,'cash'),(228,'2010-01-07 00:00:00',1,36,6,2,60.00,'mgv'),(229,'2010-01-07 00:00:00',1,37,6,56,250.00,'food'),(230,'2010-01-07 00:00:00',1,38,6,37,4000.00,'chits ext'),(231,'2010-01-07 00:00:00',1,39,6,57,19600.00,'1 st'),(232,'2010-01-09 00:00:00',1,40,6,2,100.00,'petrol'),(233,'2010-01-09 00:00:00',1,41,6,4,650000.00,'Sunil(off)'),(234,'2010-01-09 00:00:00',1,42,6,4,51500.00,'Sunil(off)'),(235,'2010-01-09 00:00:00',2,74,4,6,80000.00,'R.K.Babu'),(236,'2010-01-09 00:00:00',2,75,4,6,51500.00,'vssr'),(237,'2010-01-09 00:00:00',2,76,5,6,36000.00,'chits ext'),(238,'2010-01-09 00:00:00',1,43,6,55,17100.00,'Theru'),(239,'2010-01-09 00:00:00',1,44,6,10,2000.00,'Shetter adv'),(240,'2010-01-09 00:00:00',2,77,4,6,123.00,'Sunil(off)'),(241,'2010-01-09 00:00:00',2,78,55,6,5501.00,'Theru'),(242,'2010-01-09 00:00:00',2,79,1,6,1143.00,'G.L'),(243,'2010-01-09 00:00:00',2,80,1,6,3442.00,'G.L'),(244,'2010-01-09 00:00:00',2,81,9,6,900.00,'Sardar pasha 6/1/10'),(245,'2010-01-09 00:00:00',1,45,6,1,728.00,'Return'),(246,'2010-01-09 00:00:00',1,46,6,2,1020.00,'Subbarao(phone)'),(247,'2010-01-09 00:00:00',1,47,6,56,75.00,'Subbarao(sign)'),(248,'2010-01-09 00:00:00',1,48,6,3,3000.00,'Subbarao31/12'),(249,'2010-01-09 00:00:00',1,49,6,5,96000.00,'14lost'),(250,'2010-01-09 00:00:00',2,82,5,6,18360.00,'chits ext'),(251,'2010-01-09 00:00:00',2,83,1,6,225.00,'G.L'),(252,'2010-01-09 00:00:00',1,50,6,56,1055.00,'Rent'),(253,'2010-01-09 00:00:00',1,51,6,10,320.00,'Electrical'),(254,'2010-01-09 00:00:00',1,52,6,2,26.00,'tea'),(255,'2010-01-09 00:00:00',2,84,4,6,650000.00,'vssr'),(256,'2010-01-09 00:00:00',1,53,6,4,123.00,'vssr'),(257,'2010-01-09 00:00:00',2,85,10,6,1910.00,'Rice (swathy)'),(258,'2010-01-09 00:00:00',1,54,6,44,25000.00,'via (swathy)'),(259,'2010-01-09 00:00:00',2,86,5,6,58280.00,'chits ext'),(260,'2010-01-09 00:00:00',2,87,5,6,284910.00,'chits ext'),(261,'2010-01-09 00:00:00',1,55,6,37,6000.00,'chits ext'),(262,'2010-01-09 00:00:00',1,56,6,5,92000.00,'8 day'),(263,'2010-01-09 00:00:00',1,57,6,5,237500.00,'5th draw'),(264,'2010-01-09 00:00:00',1,58,6,5,37500.00,'5th draw'),(265,'2010-01-09 00:00:00',1,59,6,10,1000.00,'tablets'),(266,'2010-01-09 00:00:00',1,60,6,2,400.00,'sreerama(driver)'),(267,'2010-01-10 00:00:00',2,88,5,6,101880.00,'chits ext'),(268,'2010-01-10 00:00:00',1,61,6,37,1200.00,'chits ext'),(269,'2010-01-11 00:00:00',2,89,5,6,55590.00,'chits ext'),(270,'2010-01-11 00:00:00',2,90,1,6,200.00,'Dcl'),(271,'2010-01-11 00:00:00',2,91,1,6,500.00,'Dcl'),(272,'2010-01-11 00:00:00',1,62,6,1,429.00,'G.L'),(273,'2010-01-11 00:00:00',2,92,1,6,194.00,'G.L'),(274,'2010-01-11 00:00:00',2,93,1,6,75.00,'G.L'),(275,'2010-01-11 00:00:00',2,94,1,6,765.00,'G.L'),(276,'2010-01-11 00:00:00',2,95,1,6,270.00,'G.L'),(277,'2010-01-11 00:00:00',2,96,1,6,198.00,'G.L'),(278,'2010-01-11 00:00:00',2,97,1,6,360.00,'G.L'),(279,'2010-01-11 00:00:00',2,98,1,6,1155.00,'G.L'),(280,'2010-01-11 00:00:00',2,99,1,6,153.00,'G.L'),(281,'2010-01-11 00:00:00',2,100,1,6,198.00,'G.L'),(282,'2010-01-11 00:00:00',2,101,9,6,200.00,'upto close'),(283,'2010-01-11 00:00:00',2,102,9,6,300.00,'T.K.sreenath 31/12'),(284,'2010-01-11 00:00:00',1,63,6,5,85600.00,'6th'),(285,'2010-01-11 00:00:00',2,103,9,6,2000.00,'upto close'),(286,'2010-01-11 00:00:00',1,64,6,1,135.00,'Return'),(287,'2010-01-11 00:00:00',1,65,6,5,23400.00,'9th'),(288,'2010-01-11 00:00:00',2,104,1,6,264.00,'G.L'),(289,'2010-01-11 00:00:00',1,66,6,2,516.00,'knp'),(290,'2010-01-11 00:00:00',1,67,6,2,72.00,'tablets'),(291,'2010-01-11 00:00:00',1,68,6,2,40.00,'mgv'),(292,'2010-01-11 00:00:00',1,69,6,37,200.00,'chits ext'),(293,'2010-01-11 00:00:00',1,70,6,3,2800.00,'K.S.Manjunath31/12'),(294,'2010-01-11 00:00:00',1,71,6,10,480.00,'cement+garapani'),(295,'2010-01-12 00:00:00',2,105,1,6,400.00,'G.L'),(296,'2010-01-12 00:00:00',2,106,1,6,225.00,'G.L'),(297,'2010-01-12 00:00:00',2,107,1,6,135.00,'G.L'),(298,'2010-01-12 00:00:00',2,108,1,6,99.00,'G.L'),(299,'2010-01-12 00:00:00',2,109,1,6,180.00,'G.L'),(300,'2010-01-12 00:00:00',2,110,1,6,225.00,'G.L'),(301,'2010-01-12 00:00:00',2,111,1,6,370.00,'G.L'),(302,'2010-01-12 00:00:00',2,112,5,6,17860.00,'chits ext'),(303,'2010-01-12 00:00:00',2,113,5,6,6780.00,'chits ext'),(304,'2010-01-12 00:00:00',2,114,5,6,37635.00,'chits ext'),(305,'2010-01-12 00:00:00',2,115,5,6,15385.00,'chits ext'),(306,'2010-01-12 00:00:00',2,116,9,6,1200.00,'S.K.manjuladevi 5/1/10'),(307,'2010-01-12 00:00:00',2,117,5,6,7590.00,'chits ext'),(308,'2010-01-12 00:00:00',2,118,5,6,3200.00,'chits ext'),(309,'2010-01-12 00:00:00',2,119,55,6,10000.00,'shekerreddy  ckl'),(310,'2010-01-12 00:00:00',2,120,55,6,5000.00,'Dr sreenivas chelur'),(311,'2010-01-12 00:00:00',1,72,6,5,48000.00,'12th lost'),(312,'2010-01-12 00:00:00',1,73,6,2,417.00,'sreerama(driver)+reffreshment'),(313,'2010-01-12 00:00:00',1,74,6,2,1900.00,'car rent (shiradi)'),(314,'2010-01-12 00:00:00',1,75,6,10,410.00,'Reliance fresh'),(315,'2010-01-12 00:00:00',1,76,6,10,235.00,'sweets'),(316,'2010-01-12 00:00:00',1,77,6,10,1920.00,'deisel'),(317,'2010-01-12 00:00:00',1,78,6,55,5500.00,'V.Suresh(purohith)'),(318,'2010-01-12 00:00:00',1,79,6,55,5100.00,'Electrical cmy'),(319,'2010-01-12 00:00:00',1,80,6,55,1000.00,'painter manju'),(320,'2010-01-12 00:00:00',1,81,6,55,1000.00,'momentos'),(321,'2010-01-12 00:00:00',1,82,6,37,600.00,'chits ext'),(322,'2010-01-12 00:00:00',1,83,6,10,3460.00,'deisel+corpet'),(323,'2010-01-12 00:00:00',1,84,6,10,6000.00,'house cash'),(324,'2010-01-13 00:00:00',2,121,5,6,55455.00,'chits ext'),(325,'2010-01-13 00:00:00',2,122,5,6,18655.00,'chits ext'),(326,'2010-01-13 00:00:00',2,123,55,6,5000.00,'venkatareddy hotel'),(327,'2010-01-13 00:00:00',1,85,6,55,3100.00,'painter manju'),(328,'2010-01-13 00:00:00',2,124,1,6,225.00,'G.L'),(329,'2010-01-13 00:00:00',2,125,1,6,280.00,'G.L'),(330,'2010-01-13 00:00:00',2,126,1,6,660.00,'G.L'),(331,'2010-01-13 00:00:00',2,127,1,6,153.00,'G.L'),(332,'2010-01-13 00:00:00',2,128,1,6,72.00,'G.L'),(333,'2010-01-13 00:00:00',2,129,1,6,360.00,'G.L'),(334,'2010-01-13 00:00:00',1,86,6,2,500.00,'sankranthi police'),(335,'2010-01-13 00:00:00',1,87,6,2,185.00,'petrol&etc'),(336,'2010-01-13 00:00:00',1,88,6,2,1000.00,'Sunil(off)'),(337,'2010-01-13 00:00:00',1,89,6,2,150.00,'Ayya'),(338,'2010-01-13 00:00:00',1,90,6,4,436381.00,'vssr'),(339,'2010-01-13 00:00:00',1,91,6,1,72.00,'Return'),(340,'2010-01-13 00:00:00',2,130,9,6,4200.00,'P.L.S. 31/12/09'),(341,'2010-01-13 00:00:00',2,131,4,6,43856.00,'vssr'),(342,'2010-01-14 00:00:00',2,132,4,6,436381.00,'vssr'),(343,'2010-01-14 00:00:00',1,92,6,4,43856.00,'vssr'),(344,'2010-01-14 00:00:00',1,93,6,4,36500.00,'ess(ashok)'),(345,'2010-01-14 00:00:00',1,94,6,4,63760.00,'ess(tnp)'),(346,'2010-01-14 00:00:00',1,95,6,4,25000.00,'ess(ashok)'),(347,'2010-01-14 00:00:00',1,96,6,4,27922.00,'kapali '),(348,'2010-01-14 00:00:00',2,133,5,6,197785.00,'chits ext'),(349,'2010-01-14 00:00:00',1,97,6,37,3200.00,'chits ext'),(350,'2010-01-14 00:00:00',2,134,5,6,50540.00,'chits ext'),(351,'2010-01-14 00:00:00',2,135,24,6,362500.00,'chit draw'),(352,'2010-01-14 00:00:00',1,98,6,2,255.00,'cmy+blr+bp ta'),(353,'2010-01-14 00:00:00',1,99,6,19,21984.00,'19th'),(354,'2010-01-14 00:00:00',1,100,6,20,12632.00,'8th'),(355,'2010-01-14 00:00:00',1,101,6,22,15640.00,'23rd'),(356,'2010-01-14 00:00:00',1,102,6,21,12672.00,'8th'),(357,'2010-01-14 00:00:00',1,103,6,19,7100.00,'1st'),(358,'2010-01-14 00:00:00',1,104,6,37,2000.00,'chits  ext'),(359,'2010-01-14 00:00:00',2,136,5,6,81450.00,'chits  ext'),(360,'2010-01-15 00:00:00',2,137,1,6,550.00,'G.L'),(361,'2010-01-15 00:00:00',2,138,1,6,189.00,'G.L'),(362,'2010-01-15 00:00:00',2,139,1,6,198.00,'G.L'),(363,'2010-01-15 00:00:00',2,140,1,6,220.00,'G.L'),(364,'2010-01-15 00:00:00',2,141,1,6,900.00,'G.L'),(365,'2010-01-15 00:00:00',2,142,1,6,54.00,'G.L'),(366,'2010-01-15 00:00:00',2,143,1,6,198.00,'G.L'),(367,'2010-01-15 00:00:00',2,144,5,6,18545.00,'chits  ext'),(368,'2010-01-15 00:00:00',1,105,6,2,300.00,'Phone bill'),(369,'2010-01-15 00:00:00',1,106,6,2,250.00,'sreerama driver'),(370,'2010-01-15 00:00:00',1,107,6,4,72239.00,'V.S.S.R'),(371,'2010-01-15 00:00:00',2,145,55,6,5000.00,'Lakshmipathyreddy'),(372,'2010-01-16 00:00:00',2,146,1,6,460.00,'G.L'),(373,'2010-01-16 00:00:00',2,147,1,6,180.00,'G.L'),(374,'2010-01-16 00:00:00',2,148,1,6,180.00,'G.L'),(375,'2010-01-16 00:00:00',2,149,1,6,630.00,'G.L'),(376,'2010-01-16 00:00:00',2,150,1,6,405.00,'G.L'),(377,'2010-01-16 00:00:00',2,151,1,6,225.00,'G.L'),(378,'2010-01-16 00:00:00',2,152,1,6,50.00,'G.L'),(379,'2010-01-16 00:00:00',2,153,1,6,930.00,'G.L'),(380,'2010-01-16 00:00:00',2,154,1,6,140.00,'G.L'),(381,'2010-01-16 00:00:00',2,155,55,6,3000.00,'Thimmanna'),(382,'2010-01-16 00:00:00',1,108,6,55,9700.00,'T.L.Radha krishna=beldar patty'),(383,'2010-01-16 00:00:00',2,156,5,6,20880.00,'chits  ext'),(384,'2010-01-16 00:00:00',1,109,6,5,36000.00,'13th day'),(385,'2010-01-16 00:00:00',2,157,9,6,450.00,'T.Shivanna close'),(386,'2010-01-16 00:00:00',2,158,9,6,200.00,'Q  t.a.balaji'),(387,'2010-01-16 00:00:00',1,110,6,3,600.00,'M.G.V.  etc 31/12'),(388,'2010-01-16 00:00:00',1,111,6,2,50.00,'M.G.V.  etc'),(389,'2010-01-16 00:00:00',2,159,4,6,25000.00,'Ess (ashok)'),(390,'2010-01-16 00:00:00',1,112,6,4,80000.00,'R.K.Babu'),(391,'2010-01-16 00:00:00',1,113,6,56,75.00,'Sign book'),(392,'2010-01-16 00:00:00',2,160,55,6,20000.00,'Ramapuram seena'),(393,'2010-01-16 00:00:00',1,114,6,55,200.00,'Bramhaiah'),(394,'2010-01-16 00:00:00',2,161,4,6,72239.00,'V.S.S.R'),(395,'2010-01-16 00:00:00',1,115,6,10,100.00,'veg'),(396,'2010-01-16 00:00:00',1,116,6,37,4200.00,'chits  ext'),(397,'2010-01-16 00:00:00',2,162,5,6,221720.00,'chits  ext'),(398,'2010-01-16 00:00:00',2,163,9,6,275.00,'imamsab  close'),(399,'2010-01-16 00:00:00',1,117,6,5,48000.00,'12th lost'),(400,'2010-01-16 00:00:00',2,164,1,6,200.00,'D.C.L'),(401,'2010-01-16 00:00:00',1,118,6,1,60.00,'Return'),(402,'2010-01-16 00:00:00',1,119,6,5,429000.00,'10th day'),(403,'2010-01-16 00:00:00',1,120,6,5,50000.00,'20th day'),(404,'2010-01-16 00:00:00',1,121,6,56,875.00,'flower upto 15/1'),(405,'2010-01-16 00:00:00',1,122,6,4,100000.00,'Dr..Byreddy'),(406,'2010-01-16 00:00:00',2,165,4,6,889500.00,'V.S.S.R'),(407,'2010-01-16 00:00:00',2,166,1,6,500.00,'D.C.L'),(408,'2010-01-16 00:00:00',2,167,4,6,46000.00,'Dr..Byreddy'),(409,'2010-01-17 00:00:00',2,168,1,6,33.00,'G.L'),(410,'2010-01-17 00:00:00',2,169,1,6,720.00,'G.L'),(411,'2010-01-17 00:00:00',2,170,1,6,1207.00,'G.L'),(412,'2010-01-17 00:00:00',2,171,1,6,3000.00,'G.L'),(413,'2010-01-17 00:00:00',1,123,6,2,1250.00,'Bsnl shivanna'),(414,'2010-01-17 00:00:00',1,124,6,38,100000.00,'Adjustment'),(415,'2010-01-17 00:00:00',1,125,6,1,90.00,'Return'),(416,'2010-01-17 00:00:00',2,172,4,6,900.00,'V.S.S.R'),(417,'2010-01-17 00:00:00',1,126,6,4,218390.00,'V.S.S.R'),(418,'2010-01-17 00:00:00',2,173,5,6,78715.00,'chits  ext'),(419,'2010-01-17 00:00:00',1,127,6,5,215000.00,'16th day'),(420,'2010-01-17 00:00:00',2,174,9,6,600.00,'purushottamacharya 30/12'),(421,'2010-01-17 00:00:00',2,175,55,6,3000.00,'M.V.Eswarareddy'),(422,'2010-01-17 00:00:00',1,128,6,37,1200.00,'chits  ext'),(423,'2010-01-18 00:00:00',2,176,1,6,900.00,'G.L'),(424,'2010-01-18 00:00:00',2,177,1,6,270.00,'G.L'),(425,'2010-01-18 00:00:00',2,178,1,6,297.00,'G.L'),(426,'2010-01-18 00:00:00',1,129,6,1,264.00,'Return'),(427,'2010-01-18 00:00:00',1,130,6,4,5000.00,'sunil (off)'),(428,'2010-01-18 00:00:00',1,131,6,2,140.00,'subbu + govinda'),(429,'2010-01-18 00:00:00',1,132,6,56,4970.00,'Banglore bill'),(430,'2010-01-18 00:00:00',1,133,6,55,21700.00,'Prabavali+kalasam+decoration'),(431,'2010-01-18 00:00:00',1,134,6,2,101.00,'etc'),(432,'2010-01-18 00:00:00',1,135,6,55,2500.00,'s.a.subramanyam -banglore'),(433,'2010-01-18 00:00:00',2,179,5,6,24070.00,'chits  ext'),(434,'2010-01-18 00:00:00',2,180,4,6,8678.00,'V.S.S.R'),(435,'2010-01-18 00:00:00',1,136,6,4,889500.00,'sunil (off)'),(436,'2010-01-18 00:00:00',1,137,6,4,900.00,'sunil (off)'),(437,'2010-01-18 00:00:00',2,181,1,6,198.00,'G.L'),(438,'2010-01-18 00:00:00',2,182,1,6,30.00,'G.L'),(439,'2010-01-18 00:00:00',2,183,1,6,210.00,'G.L'),(440,'2010-01-18 00:00:00',2,184,1,6,306.00,'G.L'),(441,'2010-01-18 00:00:00',2,185,1,6,528.00,'G.L'),(442,'2010-01-18 00:00:00',2,186,1,6,180.00,'G.L'),(443,'2010-01-18 00:00:00',2,187,1,6,270.00,'G.L'),(444,'2010-01-18 00:00:00',2,188,1,6,1500.00,'D.C.L'),(445,'2010-01-18 00:00:00',1,138,6,1,105.00,'G.L'),(446,'2010-01-18 00:00:00',1,139,6,1,122.00,'G.L'),(447,'2010-01-18 00:00:00',1,140,6,1,145.00,'G.L'),(448,'2010-01-18 00:00:00',1,141,6,1,112.00,'G.L'),(449,'2010-01-18 00:00:00',1,142,6,10,7500.00,'Auditors'),(450,'2010-01-18 00:00:00',1,143,6,4,1500.00,'N.N.Murthy'),(451,'2010-01-18 00:00:00',1,144,6,4,45000.00,'S.Umadevi'),(452,'2010-01-18 00:00:00',1,145,6,4,8678.00,'V.S.S.R'),(453,'2010-01-18 00:00:00',2,189,5,6,80875.00,'chits  ext'),(454,'2010-01-18 00:00:00',2,190,4,6,218390.00,'sunil (off)'),(455,'2010-01-18 00:00:00',1,146,6,2,300.00,'petrol+T.A'),(456,'2010-01-18 00:00:00',1,147,6,2,110.00,'M.G.V.  etc'),(457,'2010-01-18 00:00:00',1,148,6,5,202000.00,'15th day'),(458,'2010-01-18 00:00:00',1,149,6,37,1200.00,'chits  ext'),(459,'2010-01-18 00:00:00',1,150,6,58,7500.00,'Assmt 31/3/09'),(460,'2010-01-18 00:00:00',1,151,6,58,5000.00,'T.D.S  07 & 08'),(461,'2010-01-19 00:00:00',2,191,1,6,1988.00,'G.L'),(462,'2010-01-19 00:00:00',2,192,1,6,270.00,'G.L'),(463,'2010-01-19 00:00:00',2,193,1,6,50.00,'G.L'),(464,'2010-01-19 00:00:00',2,194,1,6,1350.00,'G.L'),(465,'2010-01-19 00:00:00',2,195,1,6,180.00,'G.L'),(466,'2010-01-19 00:00:00',1,152,6,1,42.00,'G.L'),(467,'2010-01-19 00:00:00',2,196,9,6,300.00,'Nikker swamy '),(468,'2010-01-19 00:00:00',1,153,6,2,60.00,'refrehment'),(469,'2010-01-19 00:00:00',1,154,6,3,7000.00,'p.r.chalam 31/12'),(470,'2010-01-19 00:00:00',1,155,6,3,7000.00,'V.S.S.R'),(471,'2010-01-19 00:00:00',1,156,6,37,6200.00,'chits  ext'),(472,'2010-01-19 00:00:00',2,197,4,6,4500.00,'sunil (off)'),(473,'2010-01-19 00:00:00',2,198,10,6,7000.00,'pay 31/12'),(474,'2010-01-19 00:00:00',1,157,6,4,8910.00,'V.S.S.R'),(475,'2010-01-19 00:00:00',1,158,6,37,200.00,'chits  ext'),(476,'2010-01-19 00:00:00',2,199,5,6,60000.00,'chits  ext'),(477,'2010-01-20 00:00:00',1,159,6,55,3490.00,'pomplets'),(478,'2010-01-20 00:00:00',1,160,6,55,2700.00,'flower (abdulla)'),(479,'2010-01-20 00:00:00',1,161,6,55,2500.00,'car rent'),(480,'2010-01-20 00:00:00',2,200,55,6,2000.00,'M.V.Eswarareddy'),(481,'2010-01-20 00:00:00',2,201,1,6,225.00,'G.L'),(482,'2010-01-20 00:00:00',2,202,1,6,225.00,'G.L'),(483,'2010-01-20 00:00:00',2,203,1,6,108.00,'G.L'),(484,'2010-01-20 00:00:00',2,204,1,6,197.00,'G.L'),(485,'2010-01-20 00:00:00',1,162,6,1,220.00,'G.L'),(486,'2010-01-20 00:00:00',1,163,6,1,69.00,'Return'),(487,'2010-01-20 00:00:00',2,205,5,6,39655.00,'chits  ext'),(488,'2010-01-20 00:00:00',2,206,9,6,350.00,'p.shankarareddy 30/12'),(489,'2010-01-20 00:00:00',1,164,6,2,20.00,'refrehment'),(490,'2010-01-20 00:00:00',1,165,6,2,110.00,'M.G.V.  etc'),(491,'2010-01-20 00:00:00',1,166,6,2,1250.00,'sankranthy fest'),(492,'2010-01-20 00:00:00',1,167,6,55,4400.00,'T.L.Radha krishna=beldar patty'),(493,'2010-01-20 00:00:00',1,168,6,55,450.00,'gangulappa(pandili)'),(494,'2010-01-20 00:00:00',2,207,55,6,7330.00,'by shops'),(495,'2010-01-20 00:00:00',1,169,6,37,600.00,'chits  ext'),(496,'2010-01-21 00:00:00',2,208,1,6,1500.00,'D.C.L'),(497,'2010-01-21 00:00:00',2,209,1,6,207.00,'G.L'),(498,'2010-01-21 00:00:00',2,210,1,6,162.00,'G.L'),(499,'2010-01-21 00:00:00',2,211,1,6,630.00,'G.L'),(500,'2010-01-21 00:00:00',2,212,1,6,495.00,'G.L'),(501,'2010-01-21 00:00:00',2,213,1,6,165.00,'G.L'),(502,'2010-01-21 00:00:00',2,214,1,6,739.00,'G.L'),(503,'2010-01-21 00:00:00',2,215,1,6,153.00,'G.L'),(504,'2010-01-21 00:00:00',2,216,4,6,5000.00,'sunil (off)'),(505,'2010-01-21 00:00:00',1,170,6,4,68701.00,'V.S.S.R'),(506,'2010-01-21 00:00:00',2,217,9,6,4400.00,'k.radhakrishna 21/1/10'),(507,'2010-01-21 00:00:00',2,218,5,6,79650.00,'chits  ext'),(508,'2010-01-21 00:00:00',1,171,6,37,1200.00,'chits  ext'),(509,'2010-01-21 00:00:00',1,172,6,2,500.00,'sreerama driver'),(510,'2010-01-21 00:00:00',1,173,6,55,100.00,'driver'),(511,'2010-01-21 00:00:00',1,174,6,56,750.00,'mangala vadyam'),(512,'2010-01-21 00:00:00',1,175,6,2,150.00,'chota'),(513,'2010-01-21 00:00:00',1,176,6,55,1400.00,'sumo rent'),(514,'2010-01-21 00:00:00',1,177,6,55,2000.00,'T.L.Radha krishna=painter'),(515,'2010-01-21 00:00:00',1,178,6,10,1760.00,'diesel'),(516,'2010-01-21 00:00:00',1,179,6,10,1340.00,'swaty baby sweets'),(517,'2010-01-21 00:00:00',1,180,6,10,2400.00,'swaty baby dress'),(518,'2010-01-21 00:00:00',1,181,6,10,500.00,'Nihar'),(519,'2010-01-21 00:00:00',1,182,6,10,436.00,'medical bill'),(520,'2010-01-21 00:00:00',1,183,6,2,105.00,'refrehment'),(521,'2010-01-21 00:00:00',1,184,6,56,75.00,'Sign book'),(522,'2010-01-21 00:00:00',1,185,6,56,875.00,'flower upto 22/1'),(523,'2010-01-21 00:00:00',1,186,6,56,200.00,'flower  etc'),(524,'2010-01-21 00:00:00',1,187,6,10,1500.00,'tailor'),(525,'2010-01-21 00:00:00',1,188,6,4,8300.00,'sunil (off) q'),(526,'2010-01-21 00:00:00',2,219,4,6,2210.00,'sunil (off) q'),(527,'2010-01-21 00:00:00',1,189,6,4,4750.00,'sunil (off) q'),(528,'2010-01-21 00:00:00',1,190,6,2,200.00,'petrol'),(529,'2010-01-21 00:00:00',1,191,6,55,200.00,'Bramhaiah'),(530,'2010-01-21 00:00:00',1,192,6,2,1000.00,'Bramhanasanga'),(531,'2010-01-21 00:00:00',2,220,4,6,68701.00,'sunil (off)'),(532,'2010-01-21 00:00:00',1,193,6,4,9000.00,'A.Vijayakumar'),(533,'2010-01-21 00:00:00',1,194,6,2,65.00,'Bagepalli ta'),(534,'2010-01-21 00:00:00',2,221,5,6,202640.00,'chits  ext'),(535,'2010-01-21 00:00:00',1,195,6,37,4400.00,'chits  ext'),(536,'2010-01-22 00:00:00',2,222,4,6,8300.00,'sunil (off) q'),(537,'2010-01-22 00:00:00',1,196,6,4,17000.00,'Praveen blr'),(538,'2010-01-22 00:00:00',1,197,6,4,2210.00,'V.S.S.R'),(539,'2010-01-22 00:00:00',1,198,6,4,40000.00,'vanishree'),(540,'2010-01-22 00:00:00',2,223,4,6,27922.00,'Kapali Babu'),(541,'2010-01-22 00:00:00',2,224,4,6,50000.00,'Ravikiran'),(542,'2010-01-22 00:00:00',2,225,4,6,6600.00,'V.S.S.R'),(543,'2010-01-22 00:00:00',2,226,4,6,69000.00,'V.S.S.R'),(544,'2010-01-22 00:00:00',2,227,4,6,25000.00,'Prakash bp'),(545,'2010-01-22 00:00:00',2,228,4,6,60132.00,'V.S.S.R'),(546,'2010-01-22 00:00:00',2,229,4,6,1385.00,'sunil (off)'),(547,'2010-01-22 00:00:00',2,230,4,6,4750.00,'V.S.S.R'),(548,'2010-01-22 00:00:00',2,231,4,6,810.00,'m.p.manoj'),(549,'2010-01-22 00:00:00',1,199,6,2,1000.00,'D.L.S   t.a.'),(550,'2010-01-22 00:00:00',1,200,6,2,340.00,'sunil (off)'),(551,'2010-01-22 00:00:00',1,201,6,55,600.00,'coolies'),(552,'2010-01-22 00:00:00',2,232,1,6,135.00,'G.L'),(553,'2010-01-22 00:00:00',2,233,1,6,450.00,'G.L'),(554,'2010-01-22 00:00:00',2,234,1,6,216.00,'G.L'),(555,'2010-01-22 00:00:00',2,235,1,6,75.00,'G.L'),(556,'2010-01-22 00:00:00',1,202,6,1,66.00,'G.L'),(557,'2010-01-22 00:00:00',2,236,1,6,495.00,'G.L'),(558,'2010-01-22 00:00:00',2,237,1,6,180.00,'G.L'),(559,'2010-01-22 00:00:00',2,238,1,6,225.00,'G.L'),(560,'2010-01-22 00:00:00',2,239,1,6,135.00,'G.L'),(561,'2010-01-22 00:00:00',2,240,1,6,99.00,'G.L'),(562,'2010-01-22 00:00:00',2,241,1,6,297.00,'G.L'),(563,'2010-01-22 00:00:00',2,242,1,6,810.00,'G.L'),(564,'2010-01-22 00:00:00',1,203,6,10,600.00,'tailor'),(565,'2010-01-22 00:00:00',1,204,6,2,650.00,'sankranthy fest(staff)'),(566,'2010-01-22 00:00:00',1,205,6,2,15.00,'karpura'),(567,'2010-01-22 00:00:00',1,206,6,1,90.00,'Return'),(568,'2010-01-22 00:00:00',1,207,6,2,132.00,'refrehment'),(569,'2010-01-22 00:00:00',1,208,6,5,459000.00,'20th day'),(570,'2010-01-22 00:00:00',1,209,6,5,48000.00,'12th lost'),(571,'2010-01-22 00:00:00',1,210,6,37,8600.00,'chits  ext'),(572,'2010-01-22 00:00:00',2,243,5,6,498810.00,'chits  ext'),(573,'2010-01-23 00:00:00',2,244,1,6,495.00,'G.L'),(574,'2010-01-23 00:00:00',2,245,1,6,593.00,'G.L'),(575,'2010-01-23 00:00:00',2,246,1,6,297.00,'G.L'),(576,'2010-01-23 00:00:00',2,247,1,6,342.00,'G.L'),(577,'2010-01-23 00:00:00',2,248,1,6,495.00,'G.L'),(578,'2010-01-23 00:00:00',2,249,1,6,240.00,'G.L'),(579,'2010-01-23 00:00:00',2,250,9,6,340.00,'c.sudakar close'),(580,'2010-01-23 00:00:00',2,251,9,6,350.00,'Gnls  q'),(581,'2010-01-23 00:00:00',2,252,9,6,600.00,'B.S.Subramanyam 15/1'),(582,'2010-01-23 00:00:00',1,211,6,5,10280.00,'chits  ext'),(583,'2010-01-23 00:00:00',1,212,6,56,100.00,'sets'),(584,'2010-01-23 00:00:00',2,253,55,6,5000.00,'Bar shankareddy'),(585,'2010-01-23 00:00:00',1,213,6,55,1120.00,'T.L.Radha krishna=elec'),(586,'2010-01-23 00:00:00',1,214,6,55,2000.00,'T.L.Radha krishna=elec kodanda'),(587,'2010-01-23 00:00:00',1,215,6,55,6500.00,'T.L.Radha krishna=bram sang'),(588,'2010-01-23 00:00:00',1,216,6,55,3050.00,'govinda reddy'),(589,'2010-01-23 00:00:00',1,217,6,55,1000.00,'Mislenius'),(590,'2010-01-23 00:00:00',1,218,6,1,48.00,'G.L'),(591,'2010-01-23 00:00:00',1,219,6,55,1900.00,'car rent'),(592,'2010-01-23 00:00:00',1,220,6,2,350.00,'M.G.V.  etc + ayya'),(593,'2010-01-23 00:00:00',1,221,6,55,20000.00,'T.A.Balaji slip'),(594,'2010-01-23 00:00:00',1,222,6,4,450.00,'V.S.S.R'),(595,'2010-01-23 00:00:00',1,223,6,4,6600.00,'sunil (off)'),(596,'2010-01-23 00:00:00',1,224,6,4,69000.00,'sunil (off)'),(597,'2010-01-23 00:00:00',1,225,6,4,60132.00,'sunil (off)'),(598,'2010-01-23 00:00:00',1,226,6,4,1385.00,'sunil (off)'),(599,'2010-01-23 00:00:00',1,227,6,5,245700.00,'chits  ext'),(600,'2010-01-23 00:00:00',1,228,6,2,85.00,'M.G.V.  etc'),(601,'2010-01-23 00:00:00',2,254,4,6,450.00,'sunil (off)'),(602,'2010-01-25 00:00:00',1,229,6,55,15300.00,'Dancers'),(603,'2010-01-25 00:00:00',1,230,6,55,500.00,'car rent'),(604,'2010-01-25 00:00:00',1,231,6,55,1000.00,'Genarator'),(605,'2010-01-25 00:00:00',1,232,6,2,140.00,'M.G.V.  etc'),(606,'2010-01-25 00:00:00',2,255,1,6,99.00,'G.L'),(607,'2010-01-25 00:00:00',2,256,1,6,225.00,'G.L'),(608,'2010-01-25 00:00:00',2,257,1,6,960.00,'G.L'),(609,'2010-01-25 00:00:00',2,258,1,6,693.00,'G.L'),(610,'2010-01-25 00:00:00',2,259,1,6,198.00,'G.L'),(611,'2010-01-25 00:00:00',2,260,1,6,600.00,'G.L'),(612,'2010-01-25 00:00:00',2,261,1,6,2280.00,'G.L'),(613,'2010-01-25 00:00:00',2,262,1,6,2558.00,'G.L'),(614,'2010-01-25 00:00:00',2,263,1,6,495.00,'G.L'),(615,'2010-01-25 00:00:00',2,264,1,6,500.00,'D.C.L'),(616,'2010-01-25 00:00:00',2,265,1,6,225.00,'G.L'),(617,'2010-01-25 00:00:00',2,266,1,6,270.00,'G.L'),(618,'2010-01-25 00:00:00',2,267,1,6,1000.00,'D.C.L'),(619,'2010-01-25 00:00:00',2,268,1,6,135.00,'G.L'),(620,'2010-01-25 00:00:00',2,269,1,6,180.00,'G.L'),(621,'2010-01-25 00:00:00',2,270,1,6,1000.00,'D.C.L'),(622,'2010-01-25 00:00:00',2,271,9,6,2625.00,'R.Bayyappa'),(623,'2010-01-25 00:00:00',1,233,6,1,225.00,'Return'),(624,'2010-01-25 00:00:00',1,234,6,1,20.00,'Return'),(625,'2010-01-25 00:00:00',1,235,6,56,1475.00,'s.v.m. rice packet 2'),(626,'2010-01-25 00:00:00',2,272,7,6,1250.00,'m.b.ravishanker'),(627,'2010-01-25 00:00:00',1,236,6,10,410.00,'Milk man'),(628,'2010-01-25 00:00:00',2,273,4,6,100000.00,'V.S.S.R'),(629,'2010-01-25 00:00:00',1,237,6,2,36.00,'PENS'),(630,'2010-01-25 00:00:00',1,238,6,37,400.00,'chits  ext'),(631,'2010-01-25 00:00:00',1,239,6,2,120.00,'sunday etc'),(632,'2010-01-25 00:00:00',2,274,5,6,870.00,'chits  ext'),(633,'2010-01-25 00:00:00',2,275,5,6,31250.00,'chits  ext'),(634,'2010-01-25 00:00:00',2,276,5,6,54770.00,'chits  ext'),(635,'2010-01-25 00:00:00',1,240,6,5,79000.00,'19th day'),(636,'2010-01-25 00:00:00',1,241,6,5,76500.00,'14th day'),(637,'2010-01-26 00:00:00',2,277,1,6,387.00,'G.L'),(638,'2010-01-26 00:00:00',2,278,1,6,135.00,'G.L'),(639,'2010-01-26 00:00:00',1,242,6,1,99.00,'Return'),(640,'2010-01-26 00:00:00',1,243,6,55,4000.00,'T.L.Radha krishna=Vadyam'),(641,'2010-01-26 00:00:00',1,244,6,55,4000.00,'=Vadyam'),(642,'2010-01-26 00:00:00',2,279,55,6,2300.00,'s.v.venkataravana'),(643,'2010-01-26 00:00:00',2,280,1,6,2060.00,'G.L'),(644,'2010-01-26 00:00:00',1,245,6,37,1000.00,'chits  ext'),(645,'2010-01-26 00:00:00',2,281,5,6,83090.00,'chits  ext'),(646,'2010-01-26 00:00:00',1,246,6,10,410.00,'H.P.gas'),(647,'2010-01-26 00:00:00',1,247,6,37,200.00,'chits  ext'),(648,'2010-01-27 00:00:00',1,248,6,56,1482.00,'purohith rent& etc'),(649,'2010-01-27 00:00:00',1,249,6,56,10000.00,'purohith payment'),(650,'2010-01-27 00:00:00',2,282,1,6,207.00,'G.L'),(651,'2010-01-27 00:00:00',2,283,1,6,990.00,'G.L'),(652,'2010-01-27 00:00:00',2,284,1,6,108.00,'G.L'),(653,'2010-01-27 00:00:00',2,285,1,6,924.00,'G.L'),(654,'2010-01-27 00:00:00',2,286,1,6,198.00,'G.L'),(655,'2010-01-27 00:00:00',2,287,1,6,252.00,'G.L'),(656,'2010-01-27 00:00:00',2,288,1,6,99.00,'G.L'),(657,'2010-01-27 00:00:00',1,250,6,1,66.00,'Return'),(658,'2010-01-27 00:00:00',1,251,6,2,101.00,'kadiri B.S '),(659,'2010-01-27 00:00:00',1,252,6,10,2000.00,'4 cylinders'),(660,'2010-01-27 00:00:00',1,253,6,10,400.00,'D.V.J gas'),(661,'2010-01-27 00:00:00',1,254,6,56,450.00,'D.V.J gas'),(662,'2010-01-27 00:00:00',1,255,6,55,2500.00,'D.V.J tempo'),(663,'2010-01-27 00:00:00',1,256,6,2,520.00,'PLK  temple'),(664,'2010-01-27 00:00:00',1,257,6,55,520.00,'T.L.Radha krishna=water cans26'),(665,'2010-01-27 00:00:00',1,258,6,2,100.00,'dobhi venkataravana'),(666,'2010-01-27 00:00:00',1,259,6,2,291.00,'refrehment+coconut+sreerama etc'),(667,'2010-01-27 00:00:00',2,289,5,6,49610.00,'chits  ext'),(668,'2010-01-27 00:00:00',1,260,6,37,600.00,'chits  ext'),(669,'2010-01-28 00:00:00',1,261,6,7,1000.00,'pcp=RD=subbu'),(670,'2010-01-28 00:00:00',1,262,6,4,200.00,'ayya'),(671,'2010-01-28 00:00:00',2,290,1,6,198.00,'G.L'),(672,'2010-01-28 00:00:00',2,291,1,6,450.00,'G.L'),(673,'2010-01-28 00:00:00',2,292,1,6,198.00,'G.L'),(674,'2010-01-28 00:00:00',2,293,1,6,297.00,'G.L'),(675,'2010-01-28 00:00:00',1,263,6,56,960.00,'solar pipe'),(676,'2010-01-28 00:00:00',2,294,9,6,600.00,'k.suresh 30/1'),(677,'2010-01-28 00:00:00',1,264,6,56,875.00,'flower upto 29/1'),(678,'2010-01-28 00:00:00',1,265,6,2,1240.00,'Hero Honda repair'),(679,'2010-01-28 00:00:00',1,266,6,2,125.00,'subbu + etc'),(680,'2010-01-28 00:00:00',2,295,5,6,122300.00,'chits  ext'),(681,'2010-01-28 00:00:00',1,267,6,5,48000.00,'12th lost'),(682,'2010-01-28 00:00:00',1,268,6,5,20900.00,'22nd day'),(683,'2010-01-28 00:00:00',1,269,6,37,1200.00,'chits  ext'),(684,'2010-01-29 00:00:00',2,296,4,6,40000.00,'Nirmala'),(685,'2010-01-29 00:00:00',2,297,1,6,1500.00,'D.C.L'),(686,'2010-01-29 00:00:00',2,298,1,6,450.00,'G.L'),(687,'2010-01-29 00:00:00',2,299,1,6,15.00,'G.L'),(688,'2010-01-29 00:00:00',2,300,1,6,498.00,'G.L'),(689,'2010-01-29 00:00:00',2,301,1,6,1802.00,'G.L'),(690,'2010-01-29 00:00:00',2,302,1,6,48.00,'G.L'),(691,'2010-01-29 00:00:00',1,270,6,10,870.00,'Nirmala'),(692,'2010-01-29 00:00:00',1,271,6,4,50000.00,'Ravikiran'),(693,'2010-01-29 00:00:00',1,272,6,1,150.00,'Return'),(694,'2010-01-29 00:00:00',1,273,6,1,130.00,'Return'),(695,'2010-01-29 00:00:00',2,303,9,6,10500.00,'K.Lakshmi 9/1/10'),(696,'2010-01-29 00:00:00',1,274,6,7,1200.00,'pcp=RD=kkl'),(697,'2010-01-29 00:00:00',1,275,6,4,500.00,'Usha=RD'),(698,'2010-01-29 00:00:00',2,304,9,6,45000.00,'T.C.Krishnamurthy 3m'),(699,'2010-01-29 00:00:00',2,305,4,6,9400.00,'V.S.S.R'),(700,'2010-01-29 00:00:00',1,276,6,4,86997.00,'V.S.S.R'),(701,'2010-01-29 00:00:00',2,306,4,6,40000.00,'vanishree'),(702,'2010-01-29 00:00:00',1,277,6,4,6000.00,'Ganesh'),(703,'2010-01-29 00:00:00',1,278,6,4,9400.00,'sunil (off)'),(704,'2010-01-29 00:00:00',1,279,6,4,25000.00,'Prakash bp'),(705,'2010-01-29 00:00:00',2,307,4,6,86997.00,'sunil (off)'),(706,'2010-01-29 00:00:00',2,308,5,6,161475.00,'chits  ext'),(707,'2010-01-29 00:00:00',2,309,5,6,238430.00,'chits  ext'),(708,'2010-01-29 00:00:00',2,310,4,6,200000.00,'Babji'),(709,'2010-01-29 00:00:00',1,280,6,37,2600.00,'chits  ext'),(710,'2010-01-29 00:00:00',1,281,6,37,4400.00,'chits  ext'),(711,'2010-01-29 00:00:00',1,282,6,5,140.00,'Return'),(712,'2010-01-29 00:00:00',1,283,6,5,422000.00,'25th day'),(713,'2010-01-29 00:00:00',1,284,6,2,50.00,'M.G.V.  etc'),(714,'2010-01-30 00:00:00',2,311,1,6,1500.00,'G.L'),(715,'2010-01-30 00:00:00',2,312,1,6,504.00,'G.L'),(716,'2010-01-30 00:00:00',2,313,1,6,693.00,'G.L'),(717,'2010-01-30 00:00:00',2,314,1,6,270.00,'G.L'),(718,'2010-01-30 00:00:00',2,315,1,6,2750.00,'G.L'),(719,'2010-01-30 00:00:00',2,316,1,6,180.00,'G.L'),(720,'2010-01-30 00:00:00',2,317,1,6,270.00,'G.L'),(721,'2010-01-30 00:00:00',2,318,1,6,1000.00,'G.L'),(722,'2010-01-30 00:00:00',2,319,1,6,200.00,'D.C.L'),(723,'2010-01-30 00:00:00',2,320,55,6,33000.00,'T.L.Radha krishna=cash'),(724,'2010-01-30 00:00:00',1,285,6,2,516.00,'knp = monthly'),(725,'2010-01-30 00:00:00',1,286,6,2,430.00,'etc+ sreerama'),(726,'2010-01-30 00:00:00',1,287,6,1,187.00,'Return'),(727,'2010-01-30 00:00:00',2,321,9,6,300.00,'30/1'),(728,'2010-01-30 00:00:00',1,288,6,4,200000.00,'Babji'),(729,'2010-01-30 00:00:00',2,322,5,6,23630.00,'chits  ext'),(730,'2010-01-30 00:00:00',1,289,6,5,48000.00,'12th lost'),(731,'2010-01-31 00:00:00',1,290,6,4,18905.00,'V.S.S.R'),(732,'2010-01-31 00:00:00',1,291,6,2,320.00,'Cmy+Blr+Bp T.A.'),(733,'2010-01-31 00:00:00',2,323,5,6,19425.00,'chits  ext'),(734,'2010-01-31 00:00:00',1,292,6,37,200.00,'chits  ext'),(735,'2010-02-01 00:00:00',2,1,1,6,153.00,'G.L'),(736,'2010-02-01 00:00:00',2,2,1,6,180.00,'G.L'),(737,'2010-02-01 00:00:00',2,3,1,6,23.00,'G.L'),(738,'2010-02-01 00:00:00',2,4,1,6,99.00,'G.L'),(739,'2010-02-01 00:00:00',2,5,1,6,54.00,'Ganesh'),(740,'2010-02-01 00:00:00',2,6,1,6,693.00,'G.L'),(741,'2010-02-01 00:00:00',1,1,6,2,160.00,'Gangu'),(742,'2010-02-01 00:00:00',1,2,6,1,54.00,'Return'),(743,'2010-02-01 00:00:00',1,3,6,2,192.00,'refrehment'),(744,'2010-02-01 00:00:00',2,7,9,6,396.00,'R.Chowdreddy 31/1/10'),(745,'2009-12-30 00:00:00',1,34,6,4,50000.00,'B.A.Radha diff'),(746,'2010-02-01 00:00:00',2,8,9,6,2250.00,'Adinarayana 30/1/10'),(747,'2010-02-01 00:00:00',2,9,9,6,500.00,'police close'),(748,'2010-02-01 00:00:00',2,10,9,6,150.00,'T.R.Manju 30/1/10'),(749,'2010-02-01 00:00:00',2,11,56,6,5000.00,'M.J.Badarinath blr'),(750,'2010-02-01 00:00:00',2,12,9,6,700.00,'A.Fakruddin 1/2/10'),(751,'2010-02-01 00:00:00',1,4,6,4,80000.00,'Girish prasad'),(752,'2010-02-01 00:00:00',2,13,5,6,167390.00,'chits  ext'),(753,'2010-02-01 00:00:00',1,5,6,37,2200.00,'chits  ext'),(754,'2010-02-01 00:00:00',2,14,9,6,6400.00,'M.C.Chalapathy'),(755,'2010-02-02 00:00:00',2,15,1,6,450.00,'G.L'),(756,'2010-02-02 00:00:00',2,16,1,6,270.00,'G.L'),(757,'2010-02-02 00:00:00',2,17,1,6,660.00,'G.L'),(758,'2010-02-02 00:00:00',2,18,1,6,495.00,'G.L'),(759,'2010-02-02 00:00:00',1,6,6,2,126.00,'refrehment'),(760,'2010-02-02 00:00:00',2,19,9,6,900.00,'Babajan 30/1/10'),(761,'2010-02-02 00:00:00',2,20,9,6,170.00,'T.N.K'),(762,'2010-02-02 00:00:00',2,21,55,6,1500.00,'Tch muniswamireddy'),(763,'2010-02-02 00:00:00',2,22,55,6,1500.00,'p.prakash'),(764,'2010-02-02 00:00:00',1,7,6,1,375.00,'Return'),(765,'2010-02-02 00:00:00',1,8,6,2,70.00,'Mislenius'),(766,'2010-02-02 00:00:00',2,23,5,6,77185.00,'chits  ext'),(767,'2010-02-02 00:00:00',2,24,9,6,1200.00,'M.Subbareddy5/1/10'),(768,'2010-02-02 00:00:00',1,9,6,37,800.00,'chits  ext'),(769,'2010-02-02 00:00:00',1,10,6,55,1500.00,'j.c.b diesel'),(770,'2010-02-02 00:00:00',1,11,6,2,556.00,'vasavi'),(771,'2010-02-03 00:00:00',2,25,1,6,180.00,'G.L'),(772,'2010-02-03 00:00:00',2,26,1,6,900.00,'G.L'),(773,'2010-02-03 00:00:00',2,27,1,6,1080.00,'G.L'),(774,'2010-02-03 00:00:00',2,28,1,6,135.00,'G.L'),(775,'2010-02-03 00:00:00',2,29,1,6,297.00,'G.L'),(776,'2010-02-03 00:00:00',2,30,1,6,2000.00,'D.C.L'),(777,'2010-02-03 00:00:00',2,31,1,6,1300.00,'D.C.L'),(778,'2010-02-03 00:00:00',2,32,5,6,38250.00,'chits  ext'),(779,'2010-02-03 00:00:00',2,33,38,6,180000.00,'c,a '),(780,'2010-02-03 00:00:00',1,12,6,37,400.00,'chits  ext'),(781,'2010-02-03 00:00:00',1,13,6,2,100.00,'refrehment'),(782,'2010-02-04 00:00:00',2,34,9,6,4500.00,'C.Chowdappa 31/1/10'),(783,'2010-02-04 00:00:00',2,35,1,6,1277.00,'G.L'),(784,'2010-02-04 00:00:00',2,36,1,6,585.00,'G.L'),(785,'2010-02-04 00:00:00',2,37,1,6,1000.00,'D.C.L'),(786,'2010-02-04 00:00:00',2,38,1,6,200.00,'D.C.L'),(787,'2010-02-04 00:00:00',2,39,1,6,180.00,'G.L'),(788,'2010-02-04 00:00:00',2,40,1,6,135.00,'G.L'),(789,'2010-02-04 00:00:00',2,41,1,6,835.00,'G.L'),(790,'2010-02-04 00:00:00',2,42,1,6,90.00,'G.L'),(791,'2010-02-04 00:00:00',2,43,1,6,360.00,'G.L'),(792,'2010-02-04 00:00:00',2,44,9,6,3000.00,'k.Adijayachary 30/1/10'),(793,'2010-02-04 00:00:00',2,45,56,6,1320.00,'T.N.Gopal'),(794,'2010-02-04 00:00:00',1,14,6,56,787.00,'water can & etc'),(795,'2010-02-04 00:00:00',1,15,6,1,1175.00,'Return'),(796,'2010-02-04 00:00:00',2,46,9,6,160.00,'Nikker swamy '),(797,'2010-02-04 00:00:00',2,47,9,6,345.00,'p.chand basha '),(798,'2010-02-04 00:00:00',2,48,9,6,120.00,'p.shankarareddy '),(799,'2010-02-04 00:00:00',1,16,6,56,875.00,'flower upto 5/2/10'),(800,'2010-02-04 00:00:00',1,17,6,2,140.00,'Bagepalli ta+tablets'),(801,'2010-02-04 00:00:00',2,49,4,6,200.00,'ayya '),(802,'2010-02-04 00:00:00',2,50,5,6,38615.00,'chits  ext'),(803,'2010-02-04 00:00:00',2,51,4,6,9000.00,'A.Vijayakumar'),(804,'2010-02-04 00:00:00',1,18,6,37,200.00,'chits  ext'),(805,'2010-02-04 00:00:00',1,19,6,5,39500.00,'28th day'),(806,'2010-02-04 00:00:00',2,52,1,6,51.00,'G.L'),(807,'2010-02-05 00:00:00',2,53,1,6,198.00,'G.L'),(808,'2010-02-05 00:00:00',2,54,1,6,960.00,'G.L'),(809,'2010-02-05 00:00:00',2,55,1,6,99.00,'G.L'),(810,'2010-02-05 00:00:00',2,56,1,6,216.00,'G.L'),(811,'2010-02-05 00:00:00',2,57,1,6,315.00,'G.L'),(812,'2010-02-05 00:00:00',2,58,1,6,396.00,'G.L'),(813,'2010-02-05 00:00:00',2,59,1,6,1260.00,'G.L'),(814,'2010-02-05 00:00:00',2,60,55,6,1500.00,'s.v.venkataravana'),(815,'2010-02-05 00:00:00',1,20,6,2,126.00,'CmyT.A.+etc'),(816,'2010-02-05 00:00:00',1,21,6,1,480.00,'Return'),(817,'2010-02-05 00:00:00',1,22,6,1,560.00,'Return'),(818,'2010-02-05 00:00:00',1,23,6,2,500.00,'sreerama driver'),(819,'2010-02-05 00:00:00',2,61,5,6,174055.00,'chits  ext'),(820,'2010-02-05 00:00:00',1,24,6,37,1600.00,'chits  ext'),(821,'2010-02-05 00:00:00',2,62,1,6,2000.00,'D.C.L'),(822,'2010-02-05 00:00:00',2,63,4,6,50000.00,'V.S.S.R'),(823,'2010-02-06 00:00:00',2,64,1,6,165.00,'G.L'),(824,'2010-02-06 00:00:00',2,65,1,6,1200.00,'G.L'),(825,'2010-02-06 00:00:00',2,66,1,6,545.00,'G.L'),(826,'2010-02-06 00:00:00',2,67,1,6,500.00,'G.L'),(827,'2010-02-06 00:00:00',2,68,9,6,150.00,'Beldar lakshminarayana30/1/10'),(828,'2010-02-06 00:00:00',2,69,9,6,1625.00,'k.radhakrishna 30/1/10'),(829,'2010-02-06 00:00:00',2,70,9,6,1700.00,'sreerama driver 30/1/10'),(830,'2010-02-06 00:00:00',2,71,9,6,3000.00,'saginala venkatarayappa 30/1'),(831,'2010-02-06 00:00:00',1,25,6,2,20.00,'congress'),(832,'2010-02-06 00:00:00',1,26,6,2,1116.00,'Eswara temple'),(833,'2010-02-06 00:00:00',1,27,6,10,153.00,'Ghee + etc'),(834,'2010-02-06 00:00:00',2,72,5,6,137525.00,'chits  ext'),(835,'2010-02-06 00:00:00',1,28,6,37,2000.00,'chits  ext'),(836,'2010-02-06 00:00:00',1,29,6,55,1200.00,'Dinesh shop'),(837,'2010-02-06 00:00:00',1,30,6,55,350.00,'patheema 7 days'),(838,'2010-02-06 00:00:00',1,31,6,56,600.00,'press'),(839,'2010-02-06 00:00:00',1,32,6,56,1051.00,'purohith rent& etc'),(840,'2010-02-06 00:00:00',1,33,6,55,150.00,'painter'),(841,'2010-02-06 00:00:00',1,34,6,37,1400.00,'chits  ext'),(842,'2010-02-06 00:00:00',2,73,5,6,88245.00,'chits  ext'),(843,'2010-02-06 00:00:00',2,74,7,6,2075.00,'D.V.J  31/1/10'),(844,'2010-02-06 00:00:00',2,75,7,6,2075.00,'Dinesh 31/1/10'),(845,'2010-02-06 00:00:00',2,76,7,6,2075.00,'V.S.H 31/1/10'),(846,'2010-02-06 00:00:00',2,77,7,6,1575.00,'m.b.ravishanker 31/1/10'),(847,'2010-02-07 00:00:00',2,78,1,6,324.00,'G.L'),(848,'2010-02-07 00:00:00',1,35,6,37,200.00,'chits  ext'),(849,'2010-02-07 00:00:00',1,36,6,2,24.00,'Coconuts'),(850,'2010-02-07 00:00:00',1,37,6,10,650.00,'solar repair'),(851,'2010-02-07 00:00:00',1,38,6,10,6000.00,'pay 31/1'),(852,'2010-02-07 00:00:00',1,39,6,2,70.00,'tiffin'),(853,'2010-02-07 00:00:00',2,79,5,6,22500.00,'chits  ext'),(854,'2010-02-08 00:00:00',2,80,1,6,8586.00,'G.L'),(855,'2010-02-08 00:00:00',2,81,5,6,82510.00,'chits  ext'),(856,'2010-02-08 00:00:00',2,82,9,6,1200.00,'S.Narayana reddy'),(857,'2010-02-08 00:00:00',1,40,6,7,12000.00,'p.r.c ing vysya'),(858,'2010-02-08 00:00:00',1,41,6,7,6000.00,'p.c.p. ingvysya'),(859,'2010-02-08 00:00:00',1,42,6,7,5500.00,'p.s.k. ingvysya'),(860,'2010-02-08 00:00:00',1,43,6,7,2500.00,'p.usha ingvysya'),(861,'2010-02-08 00:00:00',2,83,8,6,26000.00,'PRC group'),(862,'2010-02-08 00:00:00',1,44,6,4,100000.00,'V.S.S.R'),(863,'2010-02-08 00:00:00',2,84,9,6,600.00,'R.Madusudana'),(864,'2010-02-08 00:00:00',1,45,6,4,2800.00,'K.S.Manjunath'),(865,'2010-02-08 00:00:00',1,46,6,5,84500.00,'6th day'),(866,'2010-02-08 00:00:00',1,47,6,37,800.00,'chits  ext'),(867,'2010-02-08 00:00:00',1,48,6,2,115.00,'sreerama driver + etc'),(868,'2010-02-09 00:00:00',2,85,5,6,139275.00,'chits  ext'),(869,'2010-02-09 00:00:00',1,49,6,5,48000.00,'12th lost'),(870,'2010-02-09 00:00:00',1,50,6,37,2000.00,'chits  ext'),(871,'2010-02-09 00:00:00',1,51,6,1,291.00,'Return'),(872,'2010-02-09 00:00:00',1,52,6,2,75.00,'refrehment'),(873,'2010-02-09 00:00:00',2,86,1,6,495.00,'G.L'),(874,'2010-02-09 00:00:00',1,53,6,10,2000.00,'diesel'),(875,'2010-02-09 00:00:00',2,87,1,6,342.00,'G.L'),(876,'2010-02-09 00:00:00',2,88,1,6,99.00,'G.L'),(877,'2010-02-09 00:00:00',2,89,1,6,1370.00,'G.L'),(878,'2010-02-09 00:00:00',2,90,9,6,2400.00,'m.b.ravishanker'),(879,'2010-02-09 00:00:00',2,91,1,6,270.00,'G.L'),(880,'2010-02-09 00:00:00',2,92,9,6,900.00,'A.V.Nagaraj 11/2/10'),(881,'2010-02-09 00:00:00',2,93,9,6,5250.00,'K.Lakshmi 9/2/10'),(882,'2010-02-09 00:00:00',1,54,6,1,33.00,'G.L'),(883,'2010-02-09 00:00:00',2,94,9,6,5500.00,'R.Venktesh'),(884,'2010-02-10 00:00:00',2,95,1,6,1389.00,'G.L'),(885,'2010-02-10 00:00:00',2,96,5,6,183600.00,'chits  ext'),(886,'2010-02-10 00:00:00',1,55,6,2,100.00,'petrol'),(887,'2010-02-10 00:00:00',1,56,6,1,198.00,'Return'),(888,'2010-02-10 00:00:00',2,97,9,6,4000.00,'p.sudakareddy(plk) 30/1/10'),(889,'2010-02-10 00:00:00',2,98,55,6,5000.00,'p.sudakareddy(plk)'),(890,'2010-02-10 00:00:00',1,57,6,25,3352.00,'7th'),(891,'2010-02-10 00:00:00',1,58,6,10,610.00,'Tablets'),(892,'2010-02-10 00:00:00',2,99,4,6,25000.00,'Ess (ashok)'),(893,'2010-02-10 00:00:00',2,100,1,6,500.00,'D.C.L'),(894,'2010-02-10 00:00:00',2,101,7,6,600.00,'J.Prasadbabu 31/1/10'),(895,'2010-02-10 00:00:00',2,102,9,6,600.00,'purushottamacharya 30/1'),(896,'2010-02-10 00:00:00',1,59,6,2,100.00,'M.G.V.  etc+ tea'),(897,'2010-02-10 00:00:00',1,60,6,37,2000.00,'chits  ext'),(898,'2010-02-10 00:00:00',1,61,6,1,42.00,'Return'),(899,'2010-02-10 00:00:00',1,62,6,5,81900.00,'2nd day'),(900,'2010-02-10 00:00:00',2,103,9,6,11000.00,'Gnls  31/3/10'),(901,'2010-02-10 00:00:00',2,104,4,6,18905.00,'V.S.S.R'),(902,'2010-02-10 00:00:00',1,63,6,4,50000.00,'sunil (off)'),(903,'2010-02-10 00:00:00',1,64,6,4,1500.00,'N.N.Murthy'),(904,'2010-02-10 00:00:00',1,65,6,4,25000.00,'Ess (ashok)'),(905,'2010-02-10 00:00:00',1,66,6,4,10000.00,'Ess (due)'),(906,'2010-02-10 00:00:00',1,67,6,4,3000.00,'V.S.S.R'),(907,'2010-02-10 00:00:00',1,68,6,10,5000.00,'Diwakar'),(908,'2010-02-10 00:00:00',1,69,6,10,110.00,'p.c.swathy short'),(909,'2010-02-10 00:00:00',1,70,6,57,14800.00,'2nd'),(910,'2010-02-10 00:00:00',1,71,6,24,18720.00,'15th'),(911,'2010-02-10 00:00:00',2,105,5,6,245220.00,'chits  ext'),(912,'2010-02-10 00:00:00',1,72,6,37,4400.00,'chits  ext'),(913,'2010-02-10 00:00:00',1,73,6,2,320.00,'Cmy+Blr+Bp T.A.'),(914,'2010-02-11 00:00:00',2,1,1,6,6739.00,'G.L'),(916,'2010-02-11 00:00:00',2,107,5,6,61120.00,'chits  ext'),(917,'2010-02-11 00:00:00',2,108,1,6,1000.00,'D.C.L'),(918,'2010-02-11 00:00:00',2,109,4,6,25782.00,'sunil (off)'),(919,'2010-02-11 00:00:00',2,110,4,6,820126.00,'sunil (off)'),(920,'2010-02-11 00:00:00',2,111,9,6,837.00,'R.V.Sheker 1/3/10'),(921,'2010-02-11 00:00:00',2,112,4,6,3000.00,'V.S.S.R'),(922,'2010-02-11 00:00:00',1,74,6,2,125.00,'sreerama driver + etc'),(923,'2010-02-11 00:00:00',1,75,6,1,37.00,'Return'),(924,'2010-02-11 00:00:00',1,76,6,56,975.00,'electric items'),(925,'2010-02-11 00:00:00',1,77,6,5,225000.00,'7thday'),(926,'2010-02-11 00:00:00',1,78,6,56,75.00,'subbu sign'),(927,'2010-02-11 00:00:00',1,79,6,4,25782.00,'V.S.S.R'),(928,'2010-02-11 00:00:00',1,80,6,4,820126.00,'V.S.S.R'),(930,'2010-02-11 00:00:00',2,113,9,6,900.00,'Somashekareddy 8/2/10'),(931,'2010-02-11 00:00:00',2,114,9,6,7000.00,'p.sudakareddy(mdp) 11/2//10'),(932,'2010-02-11 00:00:00',2,115,1,6,500.00,'D.C.L'),(933,'2010-02-11 00:00:00',1,81,6,37,400.00,'chits  ext'),(934,'2010-02-12 00:00:00',2,116,1,6,420.00,'G.L'),(935,'2010-02-12 00:00:00',1,82,6,3,2700.00,'M.G.V 31/1/10'),(936,'2010-02-12 00:00:00',1,83,6,3,3000.00,'Subbarao 31/1/10'),(937,'2010-02-12 00:00:00',1,84,6,3,7000.00,'p.r.chalam 31/1'),(938,'2010-02-12 00:00:00',1,85,6,3,7000.00,'P.Sunil kumar 31/1/10'),(939,'2010-02-12 00:00:00',1,86,6,3,2800.00,'Manjunath 31/1/10'),(940,'2010-02-12 00:00:00',2,117,10,6,7000.00,'pay 31/1'),(941,'2010-02-12 00:00:00',2,118,4,6,2800.00,'Manjunath 31/1/10'),(942,'2010-02-12 00:00:00',1,87,6,2,570.00,'staff + etc'),(943,'2010-02-12 00:00:00',1,88,6,56,925.00,'flower upto 12/2/10 + etc'),(944,'2010-02-12 00:00:00',2,119,55,6,15000.00,'Madavareddy'),(945,'2010-02-12 00:00:00',2,120,9,6,1600.00,'p.subbarayappa 6/3/10'),(946,'2010-02-12 00:00:00',1,89,6,4,13975.00,'sunil (off)'),(947,'2010-02-12 00:00:00',2,121,4,6,11500.00,'P.Sunil kumar 31/1/10'),(948,'2010-02-12 00:00:00',2,122,4,6,10000.00,'Ess (due)'),(949,'2010-02-12 00:00:00',1,90,6,5,434000.00,'10th day'),(950,'2010-02-12 00:00:00',1,91,6,5,38200.00,'26th day'),(951,'2010-02-12 00:00:00',1,92,6,5,22700.00,'29th day'),(952,'2010-02-12 00:00:00',2,123,4,6,13975.00,'V.S.S.R'),(953,'2010-02-12 00:00:00',2,124,5,6,45290.00,'chits  ext'),(954,'2010-02-12 00:00:00',1,93,6,10,500.00,'Gangu'),(955,'2010-02-12 00:00:00',1,94,6,37,6200.00,'chits  ext'),(956,'2010-02-12 00:00:00',1,95,6,3,7000.00,'V.S.S.R 31/1/10'),(957,'2010-02-15 00:00:00',2,125,1,6,126.00,'G.L'),(958,'2010-02-15 00:00:00',2,126,1,6,180.00,'G.L'),(959,'2010-02-15 00:00:00',2,127,1,6,603.00,'G.L'),(960,'2010-02-15 00:00:00',2,128,1,6,1407.00,'G.L'),(961,'2010-02-15 00:00:00',2,129,1,6,2300.00,'G.L'),(962,'2010-02-15 00:00:00',2,130,1,6,774.00,'G.L'),(963,'2010-02-15 00:00:00',1,96,6,2,75.00,'Coconuts'),(964,'2010-02-15 00:00:00',2,131,5,6,125970.00,'chits  ext'),(965,'2010-02-15 00:00:00',1,97,6,5,173000.00,'12th day'),(966,'2010-02-15 00:00:00',1,98,6,10,450.00,'gas'),(967,'2010-02-15 00:00:00',2,132,9,6,3100.00,'s.r.uttappa 10/3/10'),(968,'2010-02-15 00:00:00',2,133,9,6,400.00,'G.Ramachary Q'),(969,'2010-02-15 00:00:00',1,99,6,1,318.00,'Return'),(970,'2010-02-15 00:00:00',1,100,6,37,1200.00,'chits  ext'),(971,'2010-02-15 00:00:00',1,101,6,56,60.00,'Saraswathamma'),(972,'2010-02-15 00:00:00',1,102,6,1,750.00,'Return'),(974,'2010-02-16 00:00:00',2,135,1,6,1668.00,'G.L'),(975,'2010-02-16 00:00:00',2,136,5,6,155555.00,'chits  ext'),(976,'2010-02-16 00:00:00',2,137,5,6,51370.00,'chits  ext'),(977,'2010-02-16 00:00:00',2,138,1,6,105.00,'G.L'),(978,'2010-02-16 00:00:00',1,103,6,4,5280.00,'V.S.S.R lic'),(979,'2010-02-16 00:00:00',1,104,6,37,2200.00,'chits  ext'),(980,'2010-02-16 00:00:00',1,105,6,4,49348.00,'V.S.S.R'),(981,'2010-02-16 00:00:00',2,139,9,6,320.00,'B.V,Nagaraj 31/1/10'),(982,'2010-02-16 00:00:00',2,140,1,6,800.00,'D.C.L'),(983,'2010-02-16 00:00:00',1,106,6,1,195.00,'Return'),(984,'2010-02-16 00:00:00',1,107,6,5,207000.00,'15th day'),(985,'2010-02-17 00:00:00',1,108,6,2,100.00,'refrehment'),(986,'2010-02-17 00:00:00',1,109,6,2,250.00,'Cmy+Blr+Bp T.A.'),(987,'2010-02-17 00:00:00',2,141,1,6,2660.00,'G.L'),(988,'2010-02-17 00:00:00',2,142,5,6,281020.00,'chits  ext'),(989,'2010-02-17 00:00:00',1,110,6,37,5400.00,'chits  ext'),(990,'2010-02-17 00:00:00',2,143,5,6,561450.00,'chits  ext'),(991,'2010-02-17 00:00:00',2,144,59,6,10932.00,'17/2/10'),(992,'2010-02-17 00:00:00',1,111,6,37,9600.00,'chits  ext'),(993,'2010-02-17 00:00:00',1,112,6,2,290.00,'sundaramma'),(994,'2010-02-17 00:00:00',1,113,6,1,260.00,'Return'),(995,'2010-02-17 00:00:00',1,114,6,2,70.00,'petrol + gangu'),(996,'2010-02-17 00:00:00',2,145,1,6,1000.00,'D.C.L'),(997,'2010-02-17 00:00:00',1,115,6,10,2300.00,'Tablets'),(998,'2010-02-17 00:00:00',2,146,4,6,11910.00,'V.S.S.R'),(999,'2010-02-17 00:00:00',1,116,6,5,12000.00,'Return'),(1000,'2010-02-17 00:00:00',1,117,6,4,46000.00,'Dr Byreddy'),(1001,'2010-02-17 00:00:00',1,118,6,5,345000.00,'5th day'),(1002,'2010-02-17 00:00:00',1,119,6,2,100.00,'sreerama driver'),(1003,'2010-02-17 00:00:00',1,120,6,4,35630.00,'Ganesh'),(1004,'2010-02-17 00:00:00',1,121,6,2,350.00,'petrol + karpura'),(1005,'2010-02-17 00:00:00',1,122,6,2,150.00,'sreerama driver'),(1006,'2010-02-17 00:00:00',1,123,6,10,3100.00,'swathy baby'),(1007,'2010-02-17 00:00:00',1,124,6,10,1000.00,'nihar'),(1008,'2010-02-17 00:00:00',1,125,6,10,930.00,'Fruits + etc'),(1009,'2010-02-17 00:00:00',1,126,6,10,567.00,'Sweets + coffee powder'),(1010,'2010-02-17 00:00:00',1,127,6,44,1830.00,'diesel'),(1011,'2010-02-17 00:00:00',1,128,6,10,2000.00,'banglore exp'),(1012,'2010-02-17 00:00:00',1,129,6,4,75133.00,'V.S.S.R'),(1013,'2010-02-18 00:00:00',2,147,4,6,75133.00,'V.S.S.R'),(1014,'2010-02-18 00:00:00',2,148,5,6,76010.00,'chits  ext'),(1015,'2010-02-18 00:00:00',1,130,6,5,76500.00,'14th day'),(1016,'2010-02-18 00:00:00',1,131,6,5,217500.00,'16th day'),(1017,'2010-02-18 00:00:00',1,132,6,10,800.00,'car rent'),(1018,'2010-02-18 00:00:00',1,133,6,56,875.00,'flower upto 19/2/10'),(1019,'2010-02-18 00:00:00',2,149,9,6,480.00,'N.Shankarappa 18/2/10'),(1020,'2010-02-18 00:00:00',2,150,1,6,513.00,'G.L'),(1021,'2010-02-18 00:00:00',1,134,6,1,42.00,'Return'),(1022,'2010-02-18 00:00:00',2,151,1,6,153.00,'G.L'),(1023,'2010-02-18 00:00:00',1,135,6,2,20.00,'Sowthekayi'),(1024,'2010-02-18 00:00:00',1,136,6,10,270.00,'V.S.H  elec items'),(1025,'2010-02-18 00:00:00',1,137,6,4,11910.00,'sunil (off)'),(1026,'2010-02-18 00:00:00',1,138,6,59,10932.00,'18/2/10'),(1027,'2010-02-19 00:00:00',2,152,59,6,1657.00,'19/2/10'),(1028,'2010-02-19 00:00:00',2,153,4,6,165660.00,'sunil (off)'),(1029,'2010-02-19 00:00:00',2,154,1,6,600.00,'Subramanyam 1m'),(1030,'2010-02-19 00:00:00',2,155,56,6,1116.00,'A.R.Krishnanandam=N.F =R 70'),(1031,'2010-02-19 00:00:00',2,156,1,6,5163.00,'G.L'),(1032,'2010-02-19 00:00:00',2,157,5,6,51885.00,'chits  ext'),(1033,'2010-02-19 00:00:00',1,139,6,2,720.00,'sreerama driver + etc'),(1034,'2010-02-19 00:00:00',2,158,9,6,420.00,'sreerama driver 30/2/10'),(1035,'2010-02-19 00:00:00',2,159,9,6,10000.00,'DevireddiAdireddy'),(1036,'2010-02-19 00:00:00',1,140,6,2,18.00,'Return'),(1037,'2010-02-19 00:00:00',1,141,6,2,230.00,'petrol + mgv'),(1038,'2010-02-19 00:00:00',2,160,9,6,716.00,'L.N.Reddy'),(1039,'2010-02-19 00:00:00',1,142,6,1,36.00,'Return'),(1040,'2010-02-20 00:00:00',2,161,5,6,175260.00,'chits  ext'),(1041,'2010-02-20 00:00:00',1,143,6,56,2900.00,'teru (ANJ)Flower'),(1042,'2010-02-20 00:00:00',1,144,6,2,1200.00,'D.L.S (T.A) 2/10'),(1043,'2010-02-20 00:00:00',1,145,6,10,1300.00,'diesel'),(1044,'2010-02-20 00:00:00',1,146,6,10,1050.00,'banglore exp'),(1045,'2010-02-20 00:00:00',1,147,6,10,650.00,'padv'),(1046,'2010-02-20 00:00:00',1,148,6,2,160.00,'M.G.V.  etc +cmy'),(1047,'2010-02-20 00:00:00',1,149,6,10,580.00,'medical'),(1048,'2010-02-20 00:00:00',1,150,6,10,2260.00,'Amway items'),(1049,'2010-02-20 00:00:00',1,151,6,4,165660.00,'V.S.S.R'),(1050,'2010-02-20 00:00:00',2,162,4,6,4500.00,'V.S.S.R'),(1051,'2010-02-20 00:00:00',1,152,6,4,3600.00,'V.S.S.R'),(1052,'2010-02-20 00:00:00',2,163,1,6,2820.00,'G.L'),(1053,'2010-02-20 00:00:00',2,164,5,6,36195.00,'chits  ext'),(1054,'2010-02-20 00:00:00',2,165,5,6,142240.00,'chits  ext'),(1055,'2010-02-20 00:00:00',1,153,6,37,5200.00,'chits  ext'),(1056,'2010-02-20 00:00:00',1,154,6,5,45200.00,'18th day'),(1057,'2010-02-20 00:00:00',2,166,4,6,158000.00,'V.S.S.R'),(1058,'2010-02-20 00:00:00',1,155,6,4,18485.00,'V.S.S.R'),(1059,'2010-02-20 00:00:00',2,167,4,6,40000.00,'V.S.S.R'),(1060,'2010-02-20 00:00:00',1,156,6,1,117.00,'Return'),(1061,'2010-02-20 00:00:00',2,168,1,6,117.00,'G.L'),(1062,'2010-02-20 00:00:00',2,169,55,6,3000.00,'B.S.Nagaraj'),(1063,'2010-02-20 00:00:00',1,157,6,2,100.00,'tea +Fkruddin'),(1064,'2010-02-20 00:00:00',1,158,6,2,380.00,'sreerama driver + etc'),(1065,'2010-02-20 00:00:00',1,159,6,2,300.00,'sreerama driver adv'),(1066,'2010-02-20 00:00:00',1,160,6,2,1200.00,'U.P.S.repair'),(1067,'2010-02-20 00:00:00',1,161,6,2,333.00,'Currency (pcp)'),(1068,'2010-02-20 00:00:00',1,162,6,2,34.00,'Gangu'),(1069,'2010-02-20 00:00:00',1,163,6,4,177708.00,'V.S.S.R'),(1070,'2010-02-20 00:00:00',2,170,9,6,600.00,'Mukbal basha 30/2/10'),(1071,'2010-02-20 00:00:00',2,171,9,6,400.00,'S.M.Kaleemulla 21/2/10'),(1072,'2010-02-20 00:00:00',2,172,9,6,90.00,'M.C.N =Q'),(1073,'2010-02-21 00:00:00',1,164,6,4,4500.00,'sunil (off)'),(1074,'2010-02-21 00:00:00',1,165,6,4,158000.00,'sunil (off)'),(1075,'2010-02-21 00:00:00',1,166,6,4,40000.00,'sunil (off)'),(1076,'2010-02-21 00:00:00',2,173,4,6,3600.00,'sunil (off)'),(1077,'2010-02-21 00:00:00',2,174,4,6,18485.00,'sunil (off)'),(1078,'2010-02-21 00:00:00',2,175,5,6,78940.00,'chits  ext'),(1079,'2010-02-21 00:00:00',1,167,6,37,1200.00,'chits  ext'),(1080,'2010-02-21 00:00:00',1,168,6,2,170.00,'Cmy+Blr+Bp T.A.'),(1081,'2010-02-22 00:00:00',2,176,4,6,10208.00,'sunil (off)'),(1082,'2010-02-22 00:00:00',1,169,6,4,65793.00,'V.S.S.R'),(1083,'2010-02-22 00:00:00',1,170,6,1,160.00,'Return'),(1084,'2010-02-22 00:00:00',1,171,6,56,75.00,'subbu sign'),(1085,'2010-02-22 00:00:00',2,177,1,6,360.00,'G.L'),(1086,'2010-02-22 00:00:00',2,178,5,6,16350.00,'chits  ext'),(1087,'2010-02-22 00:00:00',2,179,9,6,600.00,'Manjuladevi 1m'),(1088,'2010-02-22 00:00:00',2,180,4,6,10500.00,'V.S.S.R lic'),(1089,'2010-02-23 00:00:00',1,172,6,2,40.00,'miss'),(1090,'2010-02-23 00:00:00',1,173,6,10,11000.00,'A.V.Sreenath'),(1091,'2010-02-23 00:00:00',1,174,6,56,550.00,'gas light + repair'),(1092,'2010-02-23 00:00:00',1,175,6,56,349.00,'Pooja items jan 1st'),(1093,'2010-02-23 00:00:00',1,176,6,2,195.00,'Temple + sugali'),(1094,'2010-02-23 00:00:00',1,177,6,4,1500.00,'M.G.V.  (school)'),(1095,'2010-02-23 00:00:00',1,178,6,1,675.00,'Return'),(1096,'2010-02-23 00:00:00',1,179,6,4,10208.00,'sunil (off)'),(1097,'2010-02-23 00:00:00',1,180,6,2,150.00,'petrol + RR'),(1098,'2010-02-23 00:00:00',2,181,1,6,198.00,'G.L'),(1099,'2010-02-23 00:00:00',2,182,1,6,1402.00,'G.L'),(1100,'2010-02-23 00:00:00',2,183,4,6,177708.00,'sunil (off)'),(1101,'2010-02-23 00:00:00',2,184,4,6,65793.00,'V.S.S.R'),(1102,'2010-02-23 00:00:00',2,185,1,6,450.00,'G.L'),(1103,'2010-02-23 00:00:00',2,186,5,6,52565.00,'chits  ext'),(1104,'2010-02-23 00:00:00',1,181,6,37,200.00,'chits  ext'),(1105,'2010-02-24 00:00:00',2,187,1,6,2054.00,'G.L'),(1106,'2010-02-24 00:00:00',2,188,5,6,53495.00,'chits  ext'),(1107,'2010-02-24 00:00:00',1,182,6,5,463000.00,'chits  ext'),(1108,'2010-02-24 00:00:00',2,189,2,6,70.00,'Manoj short'),(1109,'2010-02-24 00:00:00',2,190,4,6,100000.00,'D.L.S'),(1110,'2010-02-24 00:00:00',1,183,6,2,145.00,'vishu hotel'),(1111,'2010-02-24 00:00:00',1,184,6,1,48.00,'Return'),(1112,'2010-02-24 00:00:00',1,185,6,37,800.00,'chits  ext'),(1113,'2010-02-25 00:00:00',2,191,5,6,134815.00,'chits  ext'),(1114,'2010-02-25 00:00:00',1,186,6,2,63.00,'refrehment'),(1115,'2010-02-25 00:00:00',1,187,6,2,1000.00,'Chelur bandh'),(1116,'2010-02-25 00:00:00',1,188,6,2,70.00,'tiffin'),(1117,'2010-02-25 00:00:00',1,189,6,2,215.00,'Cmy+Blr+Bp T.A.'),(1118,'2010-02-25 00:00:00',2,192,1,6,270.00,'G.L'),(1119,'2010-02-25 00:00:00',2,193,1,6,4969.00,'G.L'),(1120,'2010-02-25 00:00:00',1,190,6,1,120.00,'Return'),(1121,'2010-02-25 00:00:00',1,191,6,7,1000.00,'p.c.p,  R.D(subbu)'),(1122,'2010-02-25 00:00:00',1,192,6,4,200.00,'ayya R.D'),(1123,'2010-02-25 00:00:00',1,193,6,10,147.00,'Tablets'),(1124,'2010-02-25 00:00:00',1,194,6,37,4400.00,'chits  ext'),(1125,'2010-02-25 00:00:00',1,195,6,4,10500.00,'V.S.S.R lic'),(1126,'2010-02-25 00:00:00',1,196,6,4,33927.00,'A.Vijayakumar'),(1127,'2010-02-25 00:00:00',1,197,6,5,87000.00,'8th day'),(1128,'2010-02-25 00:00:00',2,194,4,6,45000.00,'S.Umadevi'),(1129,'2010-02-25 00:00:00',2,195,5,6,111380.00,'chits  ext'),(1130,'2010-02-25 00:00:00',2,196,9,6,500.00,'purushottamacharya Close'),(1131,'2010-02-26 00:00:00',2,197,1,6,4037.00,'G.L'),(1132,'2010-02-26 00:00:00',1,198,6,1,738.00,'Return'),(1133,'2010-02-26 00:00:00',2,198,5,6,67475.00,'chits  ext'),(1134,'2010-02-26 00:00:00',2,199,42,6,2140.00,'P.Sunil kumar 31/3/08'),(1135,'2010-02-26 00:00:00',2,200,7,6,19410.00,'P.Sunil kumar (by lic )'),(1136,'2010-02-26 00:00:00',2,201,7,6,19410.00,'p.r.chalam (by lic)'),(1137,'2010-02-26 00:00:00',1,199,6,7,2140.00,'p.sunilkumar (ing vysya)'),(1138,'2010-02-26 00:00:00',1,200,6,7,19410.00,'p.r.c ing vysya'),(1139,'2010-02-26 00:00:00',1,201,6,7,19410.00,'p.sunilkumar (ing vysya)'),(1140,'2010-02-26 00:00:00',1,202,6,5,20900.00,'22nd day'),(1141,'2010-02-26 00:00:00',2,202,8,6,20000.00,'p.r.chalam (to lic)'),(1142,'2010-02-26 00:00:00',2,203,8,6,20000.00,'P.Sunil kumar (to lic )'),(1143,'2010-02-26 00:00:00',1,203,6,7,20000.00,'p.r.chalam (to lic)'),(1144,'2010-02-26 00:00:00',1,204,6,7,20000.00,'P.Sunil kumar (to lic )'),(1145,'2010-02-26 00:00:00',1,205,6,2,195.00,'refrehment + akc'),(1146,'2010-02-26 00:00:00',1,206,6,10,100.00,'Cleaning'),(1147,'2010-02-26 00:00:00',2,204,4,6,53000.00,'sunil (off) Q'),(1148,'2010-02-26 00:00:00',1,207,6,4,100700.00,'sunil (off)'),(1149,'2010-02-26 00:00:00',1,208,6,10,955.00,'Milk man Upto 28/2'),(1150,'2010-02-26 00:00:00',1,209,6,10,500.00,'Shivaratry pooja'),(1151,'2010-02-26 00:00:00',1,210,6,2,150.00,'sreerama driver'),(1152,'2010-02-26 00:00:00',1,211,6,7,1500.00,'p.c.p,  R.D(KKL)'),(1153,'2010-02-26 00:00:00',1,212,6,4,500.00,'P.Usha (RD)'),(1154,'2010-02-26 00:00:00',1,213,6,4,200.00,'V.S.S.R (RD)'),(1155,'2010-02-26 00:00:00',1,214,6,2,600.00,'MCN'),(1156,'2010-02-26 00:00:00',1,215,6,4,53000.00,'sunil (off) Q'),(1157,'2010-02-26 00:00:00',2,205,4,6,100700.00,'sunil (off)'),(1158,'2010-02-26 00:00:00',2,206,9,6,600.00,'K.Suresh 1/3/10'),(1159,'2010-02-26 00:00:00',2,207,9,6,5000.00,'P.V.Venkatesh (aprox-)'),(1160,'2010-02-26 00:00:00',1,216,6,37,600.00,'chits  ext'),(1161,'2010-02-27 00:00:00',2,208,1,6,2654.00,'G.L'),(1162,'2010-02-27 00:00:00',2,209,9,6,70.00,'A.Fakruddin 27/2/10'),(1163,'2010-02-27 00:00:00',2,210,5,6,106710.00,'chits  ext'),(1164,'2010-02-27 00:00:00',2,211,5,6,270945.00,'chits  ext'),(1165,'2010-02-27 00:00:00',2,212,9,6,1400.00,'B.S.Banuprakash(close)'),(1166,'2010-02-27 00:00:00',1,217,6,1,105.00,'Return'),(1167,'2010-02-27 00:00:00',1,218,6,37,6200.00,'chits  ext'),(1168,'2010-02-27 00:00:00',2,213,9,6,198.00,'R.Chowdreddy 1/3/10'),(1169,'2010-02-27 00:00:00',2,214,1,6,400.00,'D.C.L'),(1170,'2010-02-27 00:00:00',2,215,4,6,35630.00,'Ganesh'),(1171,'2010-02-27 00:00:00',1,219,6,4,100000.00,'V.S.S.R'),(1172,'2010-02-27 00:00:00',2,216,4,6,9500.00,'V.S.S.R'),(1173,'2010-02-27 00:00:00',1,220,6,5,226000.00,'23rd day'),(1174,'2010-02-27 00:00:00',1,221,6,10,2020.00,'diesel  TTD'),(1175,'2010-02-27 00:00:00',1,222,6,10,1000.00,'Hari  TTD'),(1176,'2010-02-27 00:00:00',1,223,6,10,480.00,'Laddu'),(1177,'2010-02-27 00:00:00',1,224,6,2,2000.00,'Sunil TTD'),(1178,'2010-02-27 00:00:00',2,217,4,6,77450.00,'V.S.S.R'),(1179,'2010-03-04 00:00:00',1,1,6,19,22368.00,'20'),(1180,'2010-03-17 00:00:00',1,2,6,19,22668.00,'21'),(1181,'2010-03-04 00:00:00',1,3,6,20,13072.00,'9'),(1182,'2010-03-17 00:00:00',1,4,6,20,13384.00,'10'),(1183,'2010-03-04 00:00:00',1,5,6,22,15760.00,'24'),(1184,'2010-03-17 00:00:00',1,6,6,22,15880.00,'25'),(1185,'2010-03-04 00:00:00',1,7,6,21,12872.00,'9'),(1186,'2010-03-17 00:00:00',1,8,6,21,13152.00,'10'),(1187,'2010-03-11 00:00:00',1,9,6,24,18830.00,'16'),(1188,'2010-03-11 00:00:00',1,10,6,57,15320.00,'3'),(1189,'2010-03-13 00:00:00',1,11,6,25,3440.00,'8'),(1190,'2010-03-26 00:00:00',1,12,6,26,2945.00,'23/24/25'),(1192,'2010-03-26 00:00:00',1,13,6,28,5260.00,'11/12/13'),(1193,'2010-03-26 00:00:00',1,14,6,27,2860.00,'20/21/22'),(1194,'2010-03-31 00:00:00',2,1,26,6,24000.00,'25'),(1195,'2010-04-01 00:00:00',2,1,1,6,3730.00,'G.L + DCL'),(1196,'2010-04-01 00:00:00',1,1,6,56,875.00,'Flower'),(1197,'2010-04-01 00:00:00',1,2,6,2,50.00,'Butter milk + Etc'),(1198,'2010-04-01 00:00:00',2,2,54,6,67702.00,'G.L + DCL'),(1199,'2010-04-01 00:00:00',1,3,6,54,73380.00,'G.L + DCL'),(1200,'2010-04-01 00:00:00',1,161,6,59,2859898.00,'1/4/10  BF'),(1201,'2010-04-02 00:00:00',2,4,5,6,23750.00,'ALL  chits'),(1202,'2010-04-02 00:00:00',2,5,9,6,900.00,'Babjan 31/3'),(1203,'2010-04-02 00:00:00',2,6,1,6,2644.00,'G.L + DCL'),(1205,'2010-04-02 00:00:00',1,4,6,60,200.00,'15'),(1206,'2010-04-02 00:00:00',1,5,6,2,175.00,'Dev + ETC'),(1207,'2010-04-02 00:00:00',1,6,6,1,51.00,'Return'),(1208,'2010-04-02 00:00:00',1,7,6,2,100.00,'Gangu + ETC'),(1209,'2010-04-02 00:00:00',2,7,54,6,51280.00,'G.L + DCL'),(1210,'2010-04-02 00:00:00',1,8,6,54,26855.00,'G.L + DCL'),(1211,'2010-04-03 00:00:00',2,8,5,6,154940.00,'ALL  chits'),(1212,'2010-04-03 00:00:00',1,9,6,1,756.00,'Return'),(1213,'2010-04-03 00:00:00',1,10,6,2,300.00,'staff etc'),(1214,'2010-04-03 00:00:00',1,11,6,2,400.00,'Subbu =Blr + Cmy'),(1215,'2010-04-03 00:00:00',1,12,6,2,35.00,'Xerox'),(1216,'2010-04-03 00:00:00',1,13,6,2,82.00,'Reffreshment'),(1217,'2010-04-03 00:00:00',2,9,1,6,621.00,'G.L + DCL'),(1218,'2010-04-03 00:00:00',2,10,1,6,1495.00,'G.L + DCL'),(1219,'2010-04-03 00:00:00',2,11,9,6,450.00,'R.V.Shekar 31/3'),(1220,'2010-04-03 00:00:00',2,12,9,6,100.00,'N.Lakshminarasappa(nikker)  4/4/10'),(1221,'2010-04-03 00:00:00',1,14,6,67,800.00,'13'),(1222,'2010-04-03 00:00:00',1,15,6,65,400.00,'23'),(1223,'2010-04-03 00:00:00',1,16,6,66,200.00,'20'),(1224,'2010-04-03 00:00:00',1,17,6,68,400.00,'9'),(1225,'2010-04-03 00:00:00',1,18,6,61,400.00,'17'),(1226,'2010-04-03 00:00:00',2,13,54,6,338555.00,'G.L + DCL'),(1227,'2010-04-03 00:00:00',1,19,6,54,286535.00,'G.L + DCL'),(1228,'2010-04-03 00:00:00',1,20,6,5,47500.00,'1st'),(1229,'2010-04-05 00:00:00',2,14,5,6,53065.00,'ALL  chits'),(1230,'2010-04-05 00:00:00',2,15,1,6,2541.00,'G.L + DCL'),(1231,'2010-04-05 00:00:00',1,21,6,1,369.00,'Return'),(1232,'2010-04-05 00:00:00',1,22,6,56,1000.00,'Rent(swamy)'),(1233,'2010-04-05 00:00:00',1,23,6,2,130.00,'D.v.j shop + coconut'),(1234,'2010-04-05 00:00:00',1,24,6,2,2120.00,'gurramkonda(knp)'),(1235,'2010-04-05 00:00:00',2,16,54,6,247810.00,'G.L + DCL + Bank'),(1236,'2010-04-05 00:00:00',1,25,6,54,54371.00,'G.L + DCL'),(1237,'2010-04-05 00:00:00',1,26,6,63,200.00,'3'),(1238,'2010-04-06 00:00:00',2,17,5,6,79705.00,'ALL  chits'),(1239,'2010-04-06 00:00:00',2,18,1,6,7126.00,'G.L + DCL'),(1240,'2010-04-06 00:00:00',1,27,6,2,200.00,'TTD  swamy'),(1241,'2010-04-06 00:00:00',1,28,6,2,400.00,'Driver sreerama'),(1242,'2010-04-06 00:00:00',1,29,6,2,20.00,'Butter milk + Etc'),(1243,'2010-04-06 00:00:00',1,30,6,66,200.00,'20'),(1244,'2010-04-06 00:00:00',1,31,6,65,400.00,'23'),(1245,'2010-04-06 00:00:00',1,32,6,67,400.00,'15'),(1246,'2010-04-06 00:00:00',1,33,6,68,400.00,'9'),(1247,'2010-04-06 00:00:00',2,19,54,6,71225.00,'G.L + DCL'),(1248,'2010-04-06 00:00:00',1,34,6,54,147410.00,'G.L + DCL'),(1249,'2010-04-07 00:00:00',2,20,1,6,2424.00,'G.L + DCL'),(1250,'2010-04-07 00:00:00',2,21,1,6,1890.00,'G.L + DCL'),(1251,'2010-04-07 00:00:00',2,22,55,6,2000.00,'Bar K.Sreeramappa'),(1252,'2010-04-07 00:00:00',2,23,5,6,27110.00,'ALL  chits'),(1253,'2010-04-07 00:00:00',2,24,5,6,122750.00,'ALL  chits'),(1254,'2010-04-07 00:00:00',1,35,6,5,87200.00,'6th day'),(1255,'2010-04-07 00:00:00',1,36,6,1,120.00,'Return'),(1256,'2010-04-07 00:00:00',1,37,6,64,200.00,'9'),(1257,'2010-04-07 00:00:00',1,38,6,2,155.00,'P.R.C. + juice  +etc'),(1258,'2010-04-07 00:00:00',1,39,6,2,150.00,'Driver sreerama'),(1259,'2010-04-07 00:00:00',1,40,6,10,1500.00,'Nihar  (injc)'),(1260,'2010-04-07 00:00:00',1,41,6,2,100.00,'M.G.V.  + etc'),(1261,'2010-04-07 00:00:00',1,42,6,2,3600.00,'U.P.S + Table + computer'),(1262,'2010-04-07 00:00:00',1,43,6,10,75000.00,'A.R.P. int31/3/2010'),(1263,'2010-04-07 00:00:00',1,44,6,63,400.00,'2'),(1264,'2010-04-07 00:00:00',1,45,6,68,1200.00,'8'),(1265,'2010-04-07 00:00:00',1,46,6,60,200.00,'14'),(1266,'2010-04-07 00:00:00',2,25,54,6,53405.00,'G.L + DCL'),(1267,'2010-04-07 00:00:00',1,47,6,54,31600.00,'G.L + DCL'),(1268,'2010-04-07 00:00:00',2,26,54,6,971120.00,'G.L + DCL'),(1269,'2010-04-07 00:00:00',1,48,6,54,115000.00,'G.L + DCL'),(1270,'2010-04-08 00:00:00',2,27,1,6,11783.00,'G.L + DCL'),(1271,'2010-04-08 00:00:00',2,28,5,6,319605.00,'ALL  chits'),(1272,'2010-04-08 00:00:00',1,49,6,1,1636.00,'Return'),(1273,'2010-04-08 00:00:00',1,50,6,62,2000.00,'3'),(1274,'2010-04-08 00:00:00',1,51,6,2,40.00,'Driver sreerama'),(1275,'2010-04-08 00:00:00',1,52,6,56,875.00,'Flower  9/4/10'),(1276,'2010-04-08 00:00:00',2,29,9,6,870.00,'mohendra  --close'),(1277,'2010-04-08 00:00:00',1,53,6,2,150.00,'corpenter'),(1278,'2010-04-08 00:00:00',1,54,6,2,200.00,'Butter milk + Etc'),(1279,'2010-04-08 00:00:00',1,55,6,5,348000.00,'5'),(1280,'2010-04-08 00:00:00',1,56,6,61,800.00,'16'),(1281,'2010-04-08 00:00:00',1,57,6,65,400.00,'23'),(1282,'2010-04-08 00:00:00',1,58,6,68,1200.00,'9'),(1283,'2010-04-08 00:00:00',2,30,9,6,3030.00,'D.S.Adinarayana  31/3/10'),(1284,'2010-04-08 00:00:00',2,31,5,6,1520.00,'13'),(1285,'2010-04-08 00:00:00',1,59,6,1,105.00,'Return'),(1286,'2010-04-08 00:00:00',1,60,6,2,50.00,'hostel'),(1287,'2010-04-08 00:00:00',2,32,9,6,400.00,'B.V.Nagaraj'),(1288,'2010-04-08 00:00:00',2,33,9,6,950.00,'Dlnesh'),(1289,'2010-04-08 00:00:00',1,61,6,67,800.00,'15'),(1291,'2010-04-08 00:00:00',2,35,54,6,146925.00,'1st page'),(1292,'2010-04-08 00:00:00',1,62,6,54,145313.00,'1st page'),(1293,'2010-04-08 00:00:00',2,36,54,6,120705.00,'2nd page'),(1294,'2010-04-08 00:00:00',1,63,6,54,233360.00,'2nd page'),(1295,'2010-04-08 00:00:00',1,64,6,5,87800.00,'8'),(1296,'2010-04-10 00:00:00',2,37,5,6,65190.00,'ALL  chits'),(1297,'2010-04-10 00:00:00',2,38,1,6,5087.00,'G.L + DCL'),(1298,'2010-04-10 00:00:00',1,65,6,1,2032.00,'Return'),(1299,'2010-04-10 00:00:00',1,66,6,2,250.00,'kanaka  +  etc'),(1300,'2010-04-10 00:00:00',1,67,6,2,516.00,'KNP temple (monthly)'),(1301,'2010-04-10 00:00:00',1,68,6,2,550.00,'mobile repair'),(1302,'2010-04-10 00:00:00',1,69,6,2,300.00,'Driver sreerama'),(1303,'2010-04-10 00:00:00',1,70,6,2,143.00,'coolie +  etc'),(1304,'2010-04-10 00:00:00',1,71,6,60,200.00,'16'),(1305,'2010-04-10 00:00:00',1,72,6,68,400.00,'9'),(1306,'2010-04-10 00:00:00',1,73,6,25,3460.00,'9'),(1307,'2010-04-10 00:00:00',1,74,6,62,400.00,'3'),(1308,'2010-04-10 00:00:00',2,39,9,6,7500.00,'P.L.S.  up to  31/3/10'),(1309,'2010-04-10 00:00:00',2,40,54,6,110855.00,'Day slip'),(1310,'2010-04-10 00:00:00',1,75,6,54,96320.00,'Day slip'),(1311,'2010-04-12 00:00:00',2,41,5,6,156370.00,'ALL  chits'),(1312,'2010-04-12 00:00:00',2,42,1,6,891.00,'G.L + DCL'),(1313,'2010-04-12 00:00:00',1,76,6,1,1029.00,'Return'),(1314,'2010-04-12 00:00:00',1,77,6,56,10116.00,'Deekshith'),(1315,'2010-04-12 00:00:00',1,78,6,2,152.00,'Tablets  + etc'),(1316,'2010-04-12 00:00:00',1,79,6,63,200.00,'3'),(1317,'2010-04-12 00:00:00',1,80,6,68,400.00,'8'),(1318,'2010-04-12 00:00:00',1,81,6,65,400.00,'23'),(1319,'2010-04-12 00:00:00',1,82,6,66,400.00,'20'),(1320,'2010-04-12 00:00:00',1,83,6,5,83200.00,'2'),(1321,'2010-04-12 00:00:00',1,84,6,64,200.00,'9'),(1322,'2010-04-12 00:00:00',2,43,54,6,84275.00,'Day slip'),(1323,'2010-04-12 00:00:00',1,85,6,54,83150.00,'Day slip'),(1324,'2010-04-13 00:00:00',2,44,5,6,45810.00,'ALL  chits'),(1325,'2010-04-13 00:00:00',2,45,1,6,3895.00,'G.L + DCL'),(1326,'2010-04-13 00:00:00',1,86,6,1,198.00,'Return'),(1327,'2010-04-13 00:00:00',2,46,9,6,198.00,'R.Chowdreddy 31/4/10'),(1328,'2010-04-13 00:00:00',1,87,6,10,284.00,'Abhishekam'),(1329,'2010-04-13 00:00:00',1,88,6,2,90.00,'Butter milk + Etc'),(1330,'2010-04-13 00:00:00',1,89,6,62,400.00,'3'),(1331,'2010-04-13 00:00:00',2,47,54,6,35188.00,'Day slip'),(1332,'2010-04-13 00:00:00',1,90,6,54,85033.00,'Day slip'),(1333,'2010-04-14 00:00:00',2,48,5,6,181292.00,'ALL  chits'),(1334,'2010-04-14 00:00:00',2,49,1,6,3366.00,'G.L + DCL'),(1335,'2010-04-14 00:00:00',1,91,6,1,1005.00,'Return'),(1336,'2010-04-14 00:00:00',2,50,9,6,300.00,'P.G.Venkatesh  (close)'),(1337,'2010-04-14 00:00:00',1,92,6,10,1700.00,'S.V.M. rice'),(1338,'2010-04-14 00:00:00',1,93,6,56,625.00,'S.V.M. rice'),(1339,'2010-04-14 00:00:00',1,94,6,64,400.00,'9'),(1340,'2010-04-14 00:00:00',1,95,6,63,400.00,'3'),(1341,'2010-04-14 00:00:00',1,96,6,61,800.00,'15'),(1342,'2010-04-14 00:00:00',1,97,6,65,400.00,'22'),(1343,'2010-04-14 00:00:00',1,98,6,68,400.00,'9'),(1344,'2010-04-14 00:00:00',1,99,6,5,35500.00,'9'),(1345,'2010-04-14 00:00:00',1,100,6,5,95000.00,'1'),(1346,'2010-04-14 00:00:00',2,51,9,6,1700.00,'Kare sreerama'),(1347,'2010-04-14 00:00:00',2,52,43,6,66000.00,'By  G.s.s'),(1348,'2010-04-14 00:00:00',1,101,6,2,300.00,'M.G.V.  + etc  + petrol'),(1349,'2010-04-14 00:00:00',2,53,54,6,398470.00,'Day slip'),(1350,'2010-04-14 00:00:00',1,102,6,54,440865.00,'Day slip'),(1351,'2010-04-15 00:00:00',2,54,5,6,96930.00,'ALL  chits'),(1352,'2010-04-15 00:00:00',2,55,1,6,2268.00,'ALL  chits'),(1353,'2010-04-15 00:00:00',1,103,6,1,174.00,'Return'),(1354,'2010-04-15 00:00:00',1,104,6,61,400.00,'9'),(1355,'2010-04-15 00:00:00',1,105,6,64,200.00,'9'),(1356,'2010-04-15 00:00:00',1,106,6,66,200.00,'20'),(1357,'2010-04-15 00:00:00',1,107,6,5,95000.00,'1'),(1358,'2010-04-15 00:00:00',1,108,6,56,875.00,'Flower'),(1359,'2010-04-15 00:00:00',1,109,6,63,200.00,'3'),(1360,'2010-04-15 00:00:00',1,110,6,2,243.00,'Tablets  + etc'),(1361,'2010-04-15 00:00:00',2,56,54,6,45785.00,'Day slip'),(1362,'2010-04-15 00:00:00',1,111,6,54,83020.00,'Day slip'),(1363,'2010-04-16 00:00:00',2,57,5,6,115040.00,'ALL  chits'),(1364,'2010-04-16 00:00:00',2,58,1,6,3365.00,'G.L + DCL'),(1365,'2010-04-16 00:00:00',1,112,6,1,331.00,'Return'),(1366,'2010-04-16 00:00:00',1,113,6,2,110.00,'Cooldrinks +  etc + nagamani'),(1367,'2010-04-16 00:00:00',2,59,9,6,260.00,'P.Shankarareddy 30/4/10'),(1368,'2010-04-16 00:00:00',1,114,6,2,500.00,'Driver sreerama'),(1369,'2010-04-16 00:00:00',1,115,6,10,200.00,'Tablets  + etc'),(1370,'2010-04-16 00:00:00',1,116,6,10,5000.00,'Sand'),(1371,'2010-04-16 00:00:00',1,117,6,67,400.00,'15'),(1372,'2010-04-16 00:00:00',2,60,54,6,64425.00,'Day slip'),(1373,'2010-04-16 00:00:00',1,118,6,54,173530.00,'Day slip'),(1374,'2010-04-16 00:00:00',1,119,6,63,200.00,'3'),(1375,'2010-04-17 00:00:00',2,61,5,6,71480.00,'ALL  chits'),(1376,'2010-04-17 00:00:00',2,62,1,6,9373.00,'G.L + DCL'),(1377,'2010-04-17 00:00:00',1,120,6,1,175.00,'G.L + DCL'),(1378,'2010-04-17 00:00:00',1,121,6,63,400.00,'3'),(1379,'2010-04-17 00:00:00',1,122,6,61,400.00,'17'),(1380,'2010-04-17 00:00:00',1,123,6,64,400.00,'9'),(1381,'2010-04-17 00:00:00',1,124,6,2,220.00,'v.s.h. shop + etc'),(1382,'2010-04-17 00:00:00',1,125,6,10,463.00,'Tablets  + etc'),(1383,'2010-04-17 00:00:00',1,126,6,2,33.00,'Xerox'),(1384,'2010-04-17 00:00:00',1,127,6,38,80000.00,'krupa+ etc'),(1385,'2010-04-17 00:00:00',2,63,54,6,119655.00,'Day slip'),(1386,'2010-04-17 00:00:00',1,128,6,54,209355.00,'Day slip'),(1387,'2010-04-17 00:00:00',1,129,6,5,204500.00,'15'),(1388,'2010-04-18 00:00:00',2,64,5,6,314190.00,'ALL  chits'),(1389,'2010-04-18 00:00:00',2,65,5,6,261935.00,'ALL  chits'),(1390,'2010-04-18 00:00:00',2,66,5,6,522120.00,'ALL  chits'),(1391,'2010-04-18 00:00:00',2,67,5,6,173460.00,'ALL  chits'),(1392,'2010-04-18 00:00:00',1,130,6,5,1057500.00,'ALL  chits'),(1393,'2010-04-18 00:00:00',2,68,9,6,600.00,'B.K.Sudha'),(1394,'2010-04-18 00:00:00',1,131,6,63,600.00,'3'),(1395,'2010-04-18 00:00:00',1,132,6,66,2000.00,'21'),(1396,'2010-04-18 00:00:00',1,133,6,68,4800.00,'9'),(1397,'2010-04-18 00:00:00',1,134,6,62,3600.00,'3'),(1398,'2010-04-18 00:00:00',1,135,6,61,4000.00,'17'),(1399,'2010-04-18 00:00:00',1,136,6,65,3600.00,'24'),(1400,'2010-04-18 00:00:00',1,137,6,63,200.00,'1'),(1401,'2010-04-18 00:00:00',1,138,6,60,1400.00,'16'),(1402,'2010-04-18 00:00:00',1,139,6,67,4400.00,'24'),(1403,'2010-04-18 00:00:00',1,140,6,10,830.00,'A.Viji'),(1404,'2010-04-18 00:00:00',1,141,6,64,600.00,'9'),(1405,'2010-04-18 00:00:00',1,142,6,24,18990.00,'ess'),(1406,'2010-04-18 00:00:00',1,143,6,57,15760.00,'ess'),(1407,'2010-04-18 00:00:00',1,144,6,2,9000.00,'Sunil  phone'),(1408,'2010-04-18 00:00:00',1,145,6,2,700.00,'M.G.V.  + etc   /  Banu marrige'),(1409,'2010-04-18 00:00:00',1,146,6,10,6650.00,'Deeksha  hospital'),(1410,'2010-04-18 00:00:00',1,147,6,2,1200.00,'B.L.R.  t.a'),(1411,'2010-04-18 00:00:00',1,148,6,10,1000.00,'Tablets  + etc'),(1412,'2010-04-18 00:00:00',1,149,6,64,400.00,'9'),(1413,'2010-04-18 00:00:00',1,150,6,2,100.00,'Chota'),(1414,'2010-04-18 00:00:00',2,69,54,6,7300.00,'Day slip'),(1415,'2010-04-18 00:00:00',1,151,6,54,10000.00,'Day slip'),(1416,'2010-04-18 00:00:00',2,70,5,6,17600.00,'ALL  chits'),(1417,'2010-04-19 00:00:00',2,71,5,6,100355.00,'ALL  chits'),(1418,'2010-04-19 00:00:00',2,72,1,6,4552.00,'G.L + DCL'),(1419,'2010-04-19 00:00:00',1,152,6,1,66.00,'Return'),(1420,'2010-04-19 00:00:00',1,153,6,63,400.00,'3'),(1421,'2010-04-19 00:00:00',1,154,6,2,268.00,'coconuts  +  prc'),(1422,'2010-04-19 00:00:00',1,155,6,2,450.00,'Air Tel  currency'),(1423,'2010-04-19 00:00:00',1,156,6,2,495.00,'Lights'),(1424,'2010-04-19 00:00:00',1,157,6,68,400.00,'9'),(1425,'2010-04-19 00:00:00',1,158,6,10,4500.00,'Nagamma(salari upto 30/4/10'),(1426,'2010-04-19 00:00:00',1,159,6,60,200.00,'16'),(1427,'2010-04-19 00:00:00',2,73,54,6,106990.00,'Day slip'),(1428,'2010-04-19 00:00:00',1,160,6,54,130635.00,'Day slip'),(1429,'2010-04-20 00:00:00',2,74,5,6,58100.00,'ALL  chits'),(1430,'2010-04-20 00:00:00',2,75,1,6,909.00,'G.L + DCL'),(1431,'2010-04-20 00:00:00',1,162,6,1,474.00,'Return'),(1432,'2010-04-20 00:00:00',1,163,6,64,200.00,'9'),(1433,'2010-04-20 00:00:00',1,164,6,65,400.00,'24'),(1434,'2010-04-20 00:00:00',1,165,6,2,145.00,'petrol +etc'),(1435,'2010-04-20 00:00:00',1,166,6,2,200.00,'B.Nagaraj'),(1436,'2010-04-20 00:00:00',1,167,6,10,165.00,'Tablets  + etc'),(1437,'2010-04-20 00:00:00',1,168,6,2,120.00,'mobile repair'),(1438,'2010-04-20 00:00:00',2,76,54,6,55465.00,'Day slip'),(1439,'2010-04-20 00:00:00',1,169,6,54,25130.00,'Day slip'),(1440,'2010-04-21 00:00:00',2,77,5,6,43920.00,'ALL  chits'),(1441,'2010-04-21 00:00:00',2,78,1,6,8043.00,'G.L + DCL'),(1442,'2010-04-21 00:00:00',1,170,6,1,188.00,'Return'),(1443,'2010-04-21 00:00:00',1,171,6,61,400.00,'17'),(1444,'2010-04-21 00:00:00',1,172,6,10,5000.00,'Tata sumo service'),(1445,'2010-04-21 00:00:00',1,173,6,2,65.00,'Butter milk + Etc'),(1446,'2010-04-21 00:00:00',1,174,6,5,46500.00,'18'),(1447,'2010-04-21 00:00:00',2,79,54,6,122535.00,'Day slip'),(1448,'2010-04-21 00:00:00',1,175,6,54,51320.00,'Day slip'),(1449,'2010-04-22 00:00:00',2,80,5,6,121755.00,'ALL  chits'),(1450,'2010-04-22 00:00:00',2,81,1,6,2666.00,'G.L + DCL'),(1451,'2010-04-22 00:00:00',1,176,6,60,200.00,'16'),(1452,'2010-04-22 00:00:00',1,177,6,65,400.00,'24'),(1453,'2010-04-22 00:00:00',1,178,6,66,200.00,'21'),(1454,'2010-04-22 00:00:00',1,179,6,61,800.00,'17'),(1455,'2010-04-22 00:00:00',1,180,6,62,800.00,'3'),(1456,'2010-04-22 00:00:00',1,181,6,2,100.00,'b.p ta  mgv'),(1457,'2010-04-22 00:00:00',1,182,6,61,400.00,'17'),(1458,'2010-04-22 00:00:00',1,183,6,2,75.00,'Chota'),(1459,'2010-04-22 00:00:00',2,82,54,6,40405.00,'Day slip'),(1460,'2010-04-22 00:00:00',1,184,6,54,74635.00,'Day slip'),(1461,'2010-04-23 00:00:00',2,83,5,6,153020.00,'ALL  chits'),(1462,'2010-04-23 00:00:00',2,84,1,6,2625.00,'G.L + DCL'),(1463,'2010-04-23 00:00:00',1,185,6,67,400.00,'13'),(1464,'2010-04-23 00:00:00',1,186,6,62,400.00,'3'),(1465,'2010-04-23 00:00:00',2,85,9,6,600.00,'k.suresh  30/4/10'),(1466,'2010-04-23 00:00:00',1,187,6,63,200.00,'3'),(1467,'2010-04-23 00:00:00',2,86,10,6,2510.00,'Diesel bill'),(1468,'2010-04-23 00:00:00',1,188,6,1,146.00,'Return'),(1469,'2010-04-23 00:00:00',1,189,6,5,40300.00,'ALL  chits'),(1470,'2010-04-23 00:00:00',1,190,6,56,875.00,'Flower  23/4/10'),(1471,'2010-04-23 00:00:00',1,191,6,2,45.00,'Butter milk + Etc'),(1472,'2010-04-23 00:00:00',2,87,54,6,44755.00,'Day slip'),(1473,'2010-04-23 00:00:00',1,192,6,54,56520.00,'Day slip'),(1474,'2010-04-24 00:00:00',2,88,5,6,116495.00,'ALL  chits'),(1475,'2010-04-24 00:00:00',1,193,6,5,20900.00,'22'),(1476,'2010-04-24 00:00:00',2,89,1,6,6408.00,'G.L + DCL'),(1477,'2010-04-24 00:00:00',1,194,6,1,275.00,'Return'),(1478,'2010-04-24 00:00:00',1,195,6,64,400.00,'3'),(1479,'2010-04-24 00:00:00',2,90,32,6,2500.00,'By A.Ramachary'),(1480,'2010-04-24 00:00:00',1,196,6,7,1600.00,'R.D = pcp =subbu'),(1481,'2010-04-24 00:00:00',1,197,6,2,102.00,'Subbu  + Cmy'),(1482,'2010-04-24 00:00:00',1,198,6,60,400.00,'16'),(1483,'2010-04-24 00:00:00',1,199,6,62,400.00,'3'),(1484,'2010-04-24 00:00:00',1,200,6,65,800.00,'24'),(1485,'2010-04-24 00:00:00',1,201,6,2,160.00,'A.K.C'),(1486,'2010-04-24 00:00:00',1,202,6,63,200.00,'3'),(1487,'2010-04-24 00:00:00',2,91,54,6,58230.00,'Day slip'),(1488,'2010-04-24 00:00:00',1,203,6,54,92305.00,'Day slip'),(1489,'2010-04-25 00:00:00',2,92,1,6,1204.00,'G.L + DCL'),(1490,'2010-04-25 00:00:00',2,93,5,6,37880.00,'ALL  chits'),(1491,'2010-04-25 00:00:00',1,204,6,10,1200.00,'H.P.gas'),(1492,'2010-04-25 00:00:00',1,205,6,56,70.00,'signature'),(1493,'2010-04-25 00:00:00',1,206,6,2,100.00,'Driver sreerama'),(1494,'2010-04-25 00:00:00',1,207,6,2,208.00,'petrol +etc'),(1495,'2010-04-25 00:00:00',1,208,6,61,400.00,'16'),(1496,'2010-04-25 00:00:00',1,209,6,65,400.00,'23'),(1497,'2010-04-25 00:00:00',2,94,54,6,38605.00,'Day slip'),(1498,'2010-04-25 00:00:00',1,210,6,54,20000.00,'Day slip'),(1499,'2010-04-26 00:00:00',1,211,6,38,50000.00,'21301 + 21302'),(1500,'2010-04-26 00:00:00',1,212,6,38,160000.00,'21303 to 21308'),(1501,'2010-04-26 00:00:00',2,95,1,6,2985.00,'G.L + DCL'),(1502,'2010-04-26 00:00:00',2,96,5,6,54835.00,'ALL  chits'),(1503,'2010-04-26 00:00:00',1,213,6,60,200.00,'16'),(1504,'2010-04-26 00:00:00',1,214,6,2,50.00,'M.G.V.  + etc'),(1505,'2010-04-26 00:00:00',1,215,6,2,25.00,'Butter milk + Etc'),(1506,'2010-04-26 00:00:00',2,97,5,6,47369.00,'ALL  chits'),(1507,'2010-04-26 00:00:00',1,216,6,5,79800.00,'14'),(1508,'2010-04-26 00:00:00',2,98,54,6,813671.00,'Day slip'),(1509,'2010-04-26 00:00:00',1,217,6,54,67125.00,'Day slip'),(1510,'2010-04-27 00:00:00',2,99,5,6,117760.00,'ALL  chits'),(1511,'2010-04-27 00:00:00',2,100,1,6,285.00,'G.L + DCL'),(1512,'2010-04-27 00:00:00',1,218,6,1,201.00,'Return'),(1513,'2010-04-27 00:00:00',1,219,6,5,470000.00,'20'),(1514,'2010-04-27 00:00:00',1,220,6,63,400.00,'3'),(1515,'2010-04-27 00:00:00',1,221,6,67,400.00,'16'),(1516,'2010-04-27 00:00:00',1,222,6,56,750.00,'S.V.M. rice'),(1517,'2010-04-27 00:00:00',1,223,6,7,1200.00,'R.D = pcp =kkl'),(1518,'2010-04-27 00:00:00',1,224,6,2,214.00,'petrol +etc'),(1519,'2010-04-27 00:00:00',1,225,6,2,30.00,'Butter milk + Etc'),(1520,'2010-04-27 00:00:00',2,101,54,6,52570.00,'Day slip'),(1521,'2010-04-27 00:00:00',1,226,6,54,110325.00,'Day slip'),(1522,'2010-04-28 00:00:00',2,102,5,6,29100.00,'ALL  chits'),(1523,'2010-04-28 00:00:00',1,227,6,5,32800.00,'24'),(1524,'2010-04-28 00:00:00',1,228,6,5,19900.00,'26'),(1525,'2010-04-28 00:00:00',2,103,1,6,3702.00,'G.L + DCL'),(1526,'2010-04-28 00:00:00',1,229,6,2,90.00,'t.shivanna/60+Ak'),(1527,'2010-04-28 00:00:00',1,230,6,56,50.00,'Distil water'),(1528,'2010-04-28 00:00:00',2,104,54,6,42415.00,'Day slip'),(1529,'2010-04-28 00:00:00',1,231,6,54,138175.00,'Day slip'),(1530,'2010-04-29 00:00:00',2,105,5,6,88790.00,'ALL  chits'),(1531,'2010-04-29 00:00:00',1,232,6,5,79000.00,'19'),(1532,'2010-04-29 00:00:00',1,233,6,5,66000.00,'17'),(1533,'2010-04-29 00:00:00',2,106,1,6,735.00,'G.L + DCL'),(1534,'2010-04-29 00:00:00',1,234,6,1,90.00,'Return'),(1535,'2010-04-29 00:00:00',1,235,6,66,200.00,'21'),(1536,'2010-04-29 00:00:00',1,236,6,64,200.00,'9'),(1537,'2010-04-29 00:00:00',1,237,6,65,800.00,'24'),(1538,'2010-04-29 00:00:00',1,238,6,56,875.00,'Flower  30/4/10'),(1539,'2010-04-29 00:00:00',1,239,6,2,120.00,'Butter milk + Etc'),(1540,'2010-04-29 00:00:00',2,107,54,6,37535.00,'Day slip'),(1541,'2010-04-29 00:00:00',1,240,6,54,53575.00,'Day slip'),(1542,'2010-04-30 00:00:00',2,108,5,6,194350.00,'ALL  chits'),(1543,'2010-04-30 00:00:00',2,109,1,6,1280.00,'G.L + DCL'),(1544,'2010-04-30 00:00:00',1,241,6,1,344.00,'Return'),(1545,'2010-04-30 00:00:00',1,242,6,65,1200.00,'24'),(1546,'2010-04-30 00:00:00',1,243,6,66,400.00,'21'),(1547,'2010-04-30 00:00:00',1,244,6,19,22608.00,'22'),(1548,'2010-04-30 00:00:00',1,245,6,20,13592.00,'11'),(1549,'2010-04-30 00:00:00',1,246,6,22,16000.00,'1'),(1550,'2010-04-30 00:00:00',1,247,6,21,13040.00,'11'),(1551,'2010-04-30 00:00:00',1,248,6,63,200.00,'3'),(1552,'2010-04-30 00:00:00',1,249,6,60,400.00,'16'),(1553,'2010-04-30 00:00:00',1,250,6,61,400.00,'17'),(1554,'2010-04-30 00:00:00',1,251,6,2,100.00,'Girija  short'),(1555,'2010-04-30 00:00:00',1,252,6,2,700.00,'Driver sreerama'),(1556,'2010-04-30 00:00:00',1,253,6,2,1000.00,'sreemantham'),(1557,'2010-04-30 00:00:00',1,254,6,67,800.00,'16'),(1558,'2010-04-30 00:00:00',1,255,6,68,400.00,'9'),(1559,'2010-04-30 00:00:00',1,256,6,64,600.00,'9'),(1560,'2010-04-30 00:00:00',1,257,6,10,1200.00,'Baby+House = ifems'),(1561,'2010-04-30 00:00:00',1,258,6,10,1100.00,'A.P.C. INSU'),(1562,'2010-04-30 00:00:00',1,259,6,10,11000.00,'Rayal sundaram'),(1563,'2010-04-30 00:00:00',1,260,6,2,800.00,'Driver sreerama + AirTel'),(1564,'2010-04-30 00:00:00',1,261,6,2,1050.00,'B,l.r  exp'),(1565,'2010-04-30 00:00:00',1,262,6,2,40.00,'Butter milk + Etc'),(1566,'2010-04-30 00:00:00',1,263,6,60,400.00,'15'),(1567,'2010-04-30 00:00:00',1,264,6,2,160.00,'M.G.V.  + etc + BP ta'),(1568,'2010-04-30 00:00:00',1,265,6,3,2700.00,'M.G.V.  30/4/10'),(1569,'2010-04-30 00:00:00',1,266,6,38,150000.00,'27/4 +28/4'),(1570,'2010-04-30 00:00:00',1,267,6,62,400.00,'3'),(1571,'2010-04-30 00:00:00',1,268,6,63,200.00,'2'),(1572,'2010-04-30 00:00:00',1,269,6,68,400.00,'9'),(1573,'2010-04-30 00:00:00',1,270,6,61,400.00,'17'),(1574,'2010-04-30 00:00:00',1,271,6,5,438000.00,'25'),(1576,'2010-04-30 00:00:00',2,111,54,6,209410.00,'Day slip'),(1577,'2010-04-30 00:00:00',1,272,6,54,26003.00,'Day slip'),(1578,'2010-04-30 00:00:00',2,112,5,6,124930.00,'ALL  chits'),(1579,'2010-05-01 00:00:00',2,1,5,6,121745.00,'ALL  chits'),(1580,'2010-05-01 00:00:00',2,2,1,6,1775.00,'G.L + DCL'),(1581,'2010-05-01 00:00:00',2,3,9,6,4500.00,'c.chowdappa 30/4/10'),(1582,'2010-05-01 00:00:00',2,4,9,6,5400.00,'P.Sudakarareddy = close'),(1583,'2010-05-01 00:00:00',2,5,9,6,380.00,'P.Imamsab = close'),(1584,'2010-05-01 00:00:00',1,1,6,10,885.00,'Milk man'),(1585,'2010-05-01 00:00:00',1,2,6,1,447.00,'Return'),(1586,'2010-05-01 00:00:00',1,3,6,63,200.00,'3'),(1587,'2010-05-01 00:00:00',1,4,6,64,400.00,'9'),(1588,'2010-05-01 00:00:00',1,5,6,60,400.00,'16'),(1589,'2010-05-01 00:00:00',1,6,6,2,45.00,'Subbu  + etc'),(1590,'2010-05-01 00:00:00',1,7,6,5,23300.00,'29'),(1591,'2010-05-01 00:00:00',2,6,9,6,45000.00,'T.C.Krishna murty 5/1/10'),(1592,'2010-05-01 00:00:00',1,8,6,10,2335.00,'Sumo plates'),(1593,'2010-05-01 00:00:00',2,7,54,6,174975.00,'Day slip'),(1594,'2010-05-01 00:00:00',1,9,6,54,83020.00,'Day slip'),(1595,'2010-05-03 00:00:00',2,8,5,6,162685.00,'ALL  chits'),(1596,'2010-05-03 00:00:00',2,9,1,6,6737.00,'G.L + DCL'),(1597,'2010-05-03 00:00:00',1,10,6,1,378.00,'Return'),(1598,'2010-05-03 00:00:00',1,11,6,64,200.00,'9'),(1599,'2010-05-03 00:00:00',1,12,6,63,400.00,'3'),(1600,'2010-05-03 00:00:00',1,13,6,67,800.00,'16'),(1601,'2010-05-03 00:00:00',1,14,6,68,400.00,'9'),(1602,'2010-05-03 00:00:00',1,15,6,65,400.00,'24'),(1603,'2010-05-03 00:00:00',1,16,6,66,400.00,'21'),(1604,'2010-05-03 00:00:00',1,17,6,62,400.00,'4'),(1605,'2010-05-03 00:00:00',2,10,9,6,450.00,'R.V.Shekar 31/4'),(1606,'2010-05-03 00:00:00',2,11,9,6,200.00,'A.Fakruddin 30/4'),(1607,'2010-05-03 00:00:00',2,12,9,6,450.00,'B.Devaraj  30/4'),(1608,'2010-05-03 00:00:00',2,13,7,6,2075.00,'Dinesh 30/4'),(1609,'2010-05-03 00:00:00',1,18,6,56,3750.00,'ravanamma 30/5'),(1610,'2010-05-03 00:00:00',2,14,54,6,160233.00,'Day slip'),(1611,'2010-05-03 00:00:00',1,19,6,54,115145.00,'Day slip'),(1612,'2010-05-04 00:00:00',2,15,5,6,66655.00,'ALL  chits'),(1613,'2010-05-04 00:00:00',2,16,1,6,2052.00,'G.L + DCL'),(1614,'2010-05-04 00:00:00',2,17,9,6,1800.00,'Somashekareddy 8/4'),(1615,'2010-05-04 00:00:00',2,18,7,6,2075.00,'v.s.h 30/4'),(1616,'2010-05-04 00:00:00',2,19,7,6,1575.00,'m.b.ravishankar 30/4'),(1617,'2010-05-04 00:00:00',2,20,7,6,2075.00,'d.v.j 30/4'),(1618,'2010-05-04 00:00:00',1,20,6,61,400.00,'17'),(1619,'2010-05-04 00:00:00',1,21,6,66,200.00,'21'),(1620,'2010-05-04 00:00:00',1,22,6,60,200.00,'16'),(1621,'2010-05-04 00:00:00',1,23,6,1,225.00,'Return'),(1622,'2010-05-04 00:00:00',1,24,6,10,500.00,'Nihar  (injc)'),(1623,'2010-05-04 00:00:00',1,25,6,2,200.00,'Chota'),(1624,'2010-05-04 00:00:00',1,26,6,2,225.00,'Narayana +subbu +cool'),(1625,'2010-05-04 00:00:00',1,27,6,5,93100.00,'27'),(1626,'2010-05-04 00:00:00',2,21,54,6,211157.00,'Day slip'),(1627,'2010-05-04 00:00:00',1,28,6,54,118180.00,'Day slip'),(1628,'2010-05-05 00:00:00',2,22,5,6,112130.00,'ALL  chits'),(1629,'2010-05-05 00:00:00',2,23,5,6,170000.00,'ALL  chits'),(1630,'2010-05-05 00:00:00',2,24,1,6,4392.00,'G.L + DCL'),(1631,'2010-05-05 00:00:00',2,25,10,6,5200.00,'Election'),(1632,'2010-05-05 00:00:00',2,26,9,6,1625.00,'k.Radha 30/4'),(1633,'2010-05-05 00:00:00',2,27,9,6,150.00,'K.Sreerama'),(1634,'2010-05-05 00:00:00',2,28,9,6,3750.00,'P.L.S.  up to  31/4/10'),(1635,'2010-05-05 00:00:00',1,29,6,65,800.00,'24'),(1636,'2010-05-05 00:00:00',1,30,6,67,1200.00,'16'),(1637,'2010-05-05 00:00:00',1,31,6,68,1600.00,'10'),(1638,'2010-05-05 00:00:00',2,29,9,6,6000.00,'G.I.Venktareddy'),(1639,'2010-05-05 00:00:00',2,30,9,6,1600.00,'k.Radha Q'),(1640,'2010-05-05 00:00:00',1,32,6,5,48000.00,'1/5'),(1641,'2010-05-05 00:00:00',1,33,6,5,336000.00,'5/5'),(1642,'2010-05-05 00:00:00',1,34,6,62,400.00,'4'),(1643,'2010-05-05 00:00:00',1,35,6,2,65.00,'puri + tea'),(1644,'2010-05-05 00:00:00',1,36,6,2,300.00,'cmy + blr +bp + etc'),(1645,'2010-05-05 00:00:00',2,31,10,6,5700.00,'Election'),(1646,'2010-05-05 00:00:00',2,32,10,6,8100.00,'D.V.S.shop'),(1647,'2010-05-05 00:00:00',1,37,6,58,2000.00,'prc refund'),(1648,'2010-05-05 00:00:00',1,38,6,5,48000.00,'1/5'),(1649,'2010-05-05 00:00:00',1,39,6,5,82900.00,'2/5'),(1650,'2010-05-05 00:00:00',1,40,6,65,400.00,'24'),(1651,'2010-05-05 00:00:00',1,41,6,66,200.00,'21'),(1652,'2010-05-05 00:00:00',1,42,6,66,200.00,'21'),(1653,'2010-05-05 00:00:00',2,33,54,6,112995.00,'Day slip'),(1654,'2010-05-05 00:00:00',1,43,6,54,261976.00,'Day slip'),(1655,'2010-05-06 00:00:00',2,34,5,6,69430.00,'ALL  chits'),(1656,'2010-05-06 00:00:00',2,35,1,6,2997.00,'G.L + DCL'),(1657,'2010-05-06 00:00:00',1,44,6,3,7000.00,'p.sunilkumar 30/4'),(1658,'2010-05-06 00:00:00',1,45,6,3,7000.00,'v.s.s.r 30/4'),(1659,'2010-05-06 00:00:00',1,46,6,3,7000.00,'p.r.chalam30/4'),(1660,'2010-05-06 00:00:00',1,47,6,3,2800.00,'Manjunath 30/4'),(1661,'2010-05-06 00:00:00',1,48,6,3,3000.00,'subbarao 30/4'),(1662,'2010-05-06 00:00:00',2,36,10,6,7000.00,'salarie'),(1663,'2010-05-06 00:00:00',1,49,6,3,1680.00,'D.L.S. ylk. 30/4'),(1664,'2010-05-06 00:00:00',1,50,6,10,6000.00,'to  HOUSE'),(1665,'2010-05-06 00:00:00',1,51,6,56,1061.00,'DARK + keb'),(1666,'2010-05-06 00:00:00',1,52,6,60,700.00,'ext  +'),(1667,'2010-05-06 00:00:00',1,53,6,62,1000.00,'ext  +'),(1668,'2010-05-06 00:00:00',1,54,6,61,1000.00,'ext  +'),(1669,'2010-05-06 00:00:00',1,55,6,63,700.00,'ext  +'),(1670,'2010-05-06 00:00:00',1,56,6,64,500.00,'ext  +'),(1671,'2010-05-06 00:00:00',1,57,6,65,1000.00,'ext  +'),(1672,'2010-05-06 00:00:00',1,58,6,66,500.00,'ext  +'),(1673,'2010-05-06 00:00:00',1,59,6,67,1000.00,'ext  +'),(1674,'2010-05-06 00:00:00',1,60,6,68,1000.00,'ext  +'),(1675,'2010-05-06 00:00:00',2,37,9,6,45.00,'T.N.K'),(1676,'2010-05-06 00:00:00',1,61,6,62,400.00,'4'),(1677,'2010-05-06 00:00:00',2,38,54,6,53730.00,'Day slip'),(1678,'2010-05-06 00:00:00',1,62,6,54,71525.00,'Day slip'),(1679,'2010-05-07 00:00:00',2,39,5,6,34625.00,'ALL  chits'),(1680,'2010-05-07 00:00:00',2,40,1,6,5745.00,'G.L + DCL'),(1681,'2010-05-07 00:00:00',1,63,6,1,675.00,'Return'),(1682,'2010-05-07 00:00:00',2,41,9,6,180.00,'Police mallappa '),(1683,'2010-05-07 00:00:00',1,64,6,10,5000.00,'Ramana'),(1684,'2010-05-07 00:00:00',1,65,6,2,135.00,'Cooldrinks +  etc + sreerama'),(1685,'2010-05-07 00:00:00',2,42,54,6,167380.00,'Day slip'),(1686,'2010-05-07 00:00:00',1,66,6,54,207590.00,'Day slip'),(1687,'2010-05-01 00:00:00',1,67,6,10,1500.00,'A.V.S. short'),(1688,'2010-05-08 00:00:00',2,43,5,6,68970.00,'ALL  chits'),(1689,'2010-05-08 00:00:00',1,68,6,60,200.00,'16'),(1690,'2010-05-08 00:00:00',1,69,6,66,200.00,'21'),(1691,'2010-05-08 00:00:00',1,70,6,64,400.00,'9'),(1692,'2010-05-08 00:00:00',1,71,6,1,33.00,'Return'),(1693,'2010-05-08 00:00:00',1,72,6,2,50.00,'M.G.V.  + etc'),(1694,'2010-05-08 00:00:00',2,44,54,6,1100.00,'Day slip'),(1695,'2010-03-31 00:00:00',2,2,16,6,96686.00,'31/3/2010'),(1696,'2010-03-31 00:00:00',1,15,6,59,96686.00,'31/3/2010'),(1697,'2010-05-09 00:00:00',2,45,5,6,340105.00,'ALL  chits'),(1698,'2010-05-09 00:00:00',1,73,6,2,30.00,'Butter milk + Etc'),(1699,'2010-05-09 00:00:00',2,46,9,6,1700.00,'sreeRama(teacher)'),(1700,'2010-05-09 00:00:00',1,74,6,10,2160.00,'bedsheets'),(1701,'2010-05-09 00:00:00',1,75,6,62,1600.00,'4'),(1702,'2010-05-09 00:00:00',1,76,6,68,400.00,'9'),(1703,'2010-05-09 00:00:00',1,77,6,63,200.00,'3'),(1704,'2010-05-09 00:00:00',1,78,6,66,600.00,'21'),(1705,'2010-05-09 00:00:00',1,79,6,67,1600.00,'16'),(1706,'2010-05-09 00:00:00',1,80,6,64,200.00,'9'),(1707,'2010-05-09 00:00:00',1,81,6,68,400.00,'10'),(1708,'2010-05-09 00:00:00',1,82,6,65,400.00,'24'),(1709,'2010-05-09 00:00:00',2,47,54,6,48540.00,'Day slip'),(1710,'2010-05-09 00:00:00',1,83,6,54,3300.00,'Day slip'),(1711,'2010-05-10 00:00:00',2,48,5,6,154040.00,'ALL  chits'),(1712,'2010-05-10 00:00:00',2,49,1,6,3648.00,'G.L + DCL'),(1713,'2010-05-10 00:00:00',1,84,6,2,150.00,'Butter milk + Etc + cooldrinks'),(1714,'2010-05-10 00:00:00',1,85,6,2,333.00,'B,l.r  exp'),(1715,'2010-05-10 00:00:00',1,86,6,5,48000.00,'1'),(1716,'2010-05-10 00:00:00',1,87,6,5,249500.00,'7'),(1717,'2010-05-10 00:00:00',1,88,6,10,500.00,'Baby+House = ifems'),(1718,'2010-05-10 00:00:00',1,89,6,67,800.00,'16'),(1719,'2010-05-10 00:00:00',1,90,6,68,800.00,'10'),(1720,'2010-05-10 00:00:00',1,91,6,65,400.00,'24'),(1721,'2010-05-10 00:00:00',1,92,6,1,93.00,'Return'),(1722,'2010-05-10 00:00:00',2,50,54,6,534750.00,'Day slip'),(1723,'2010-05-10 00:00:00',1,93,6,54,76850.00,'Day slip'),(1724,'2010-05-11 00:00:00',2,51,5,6,119015.00,'ALL  chits'),(1725,'2010-05-11 00:00:00',2,52,1,6,1144.00,'G.L + DCL'),(1726,'2010-05-11 00:00:00',1,94,6,1,465.00,'Return'),(1727,'2010-05-11 00:00:00',1,95,6,5,44500.00,'8'),(1728,'2010-05-11 00:00:00',1,96,6,5,36600.00,'9'),(1729,'2010-05-11 00:00:00',1,97,6,5,88400.00,'6'),(1730,'2010-05-11 00:00:00',1,98,6,10,140.00,'Bellamu'),(1731,'2010-05-11 00:00:00',1,99,6,61,800.00,'18'),(1732,'2010-05-11 00:00:00',1,100,6,64,200.00,'10'),(1733,'2010-05-11 00:00:00',1,101,6,2,394.00,'Driver sreerama + etc'),(1734,'2010-05-11 00:00:00',1,102,6,56,500.00,'Gas'),(1735,'2010-05-11 00:00:00',2,53,9,6,280.00,'Driver sreerama up to30/4/10'),(1736,'2010-05-11 00:00:00',1,103,6,68,400.00,'10'),(1737,'2010-05-11 00:00:00',1,104,6,25,3480.00,'10 th'),(1738,'2010-05-11 00:00:00',2,54,54,6,59610.00,'Day slip'),(1739,'2010-05-11 00:00:00',1,105,6,54,43243.00,'Day slip'),(1740,'2010-05-12 00:00:00',2,55,5,6,168290.00,'ALL  chits'),(1741,'2010-05-12 00:00:00',2,56,1,6,457.00,'G.L + DCL'),(1742,'2010-05-12 00:00:00',2,57,9,6,3000.00,'saginala venkatarayappa30/4/10'),(1743,'2010-05-12 00:00:00',2,58,9,6,3200.00,'M.C.Calapathy 30/4/10'),(1744,'2010-05-12 00:00:00',2,59,9,6,1125.00,'Adinarayana 30/4/10'),(1745,'2010-05-12 00:00:00',2,60,9,6,198.00,'R.Chowdreddy 31/5/10'),(1746,'2010-05-12 00:00:00',2,61,9,6,5625.00,'D.V.R 30/4/10'),(1747,'2010-05-12 00:00:00',1,106,6,7,3000.00,'p.r.chalam30/4(V.B)'),(1748,'2010-05-12 00:00:00',1,107,6,7,7000.00,'p.c.p 30/4 (V.B)'),(1749,'2010-05-12 00:00:00',1,108,6,7,14000.00,'p.sunilkumar 30/4(V.B)'),(1750,'2010-05-12 00:00:00',1,109,6,7,6000.00,'P.Usha sunil 30/4 (V.B)'),(1751,'2010-05-12 00:00:00',1,110,6,1,194.00,'Return'),(1752,'2010-05-12 00:00:00',1,111,6,64,600.00,'10'),(1753,'2010-05-12 00:00:00',1,112,6,68,800.00,'10'),(1754,'2010-05-12 00:00:00',1,113,6,62,400.00,'4'),(1755,'2010-05-12 00:00:00',1,114,6,63,200.00,'4'),(1756,'2010-05-12 00:00:00',1,115,6,2,516.00,'KNP temple (monthly)'),(1757,'2010-05-12 00:00:00',1,116,6,65,400.00,'25'),(1758,'2010-05-12 00:00:00',2,62,54,6,47413.00,'Day slip'),(1759,'2010-05-12 00:00:00',1,117,6,54,171473.00,'Day slip');

/*!40101 SET SQL_MODE=@OLD_SQL_MODE */;
/*!40014 SET UNIQUE_CHECKS=@OLD_UNIQUE_CHECKS */;
/*!40111 SET SQL_NOTES=@OLD_SQL_NOTES */;
